event_id,mt_id,time,velocity,equilibrium_density,number_of_ase1_gauss,number_of_ase1_exp,decay_lengthscale,movie id,condition,timepoint,event_nb
1nM_314,,2.5,,0.0057540000000000004,26.11399657437635,26.62637978194025,5.40114448618462,3.0,1nM,0,0
1nM_314,,5.0,312.869866107274,0.0057540000000000004,24.078353855608977,23.36958254243565,35.2396579229349,3.0,1nM,1,0
1nM_314,,7.5,224.140449159568,0.0057540000000000004,20.750293732356557,19.90953682369965,38.3403234630868,3.0,1nM,2,0
1nM_314,,10.0,347.618361142287,0.0057540000000000004,6.816948905837117,4.407755714514357,110.209130304946,3.0,1nM,3,0
1nM_314,,12.5,319.81929676276,0.0057540000000000004,16.2477900440693,14.655891632247785,58.7120039578286,3.0,1nM,4,0
1nM_314,,15.0,218.951720893925,0.0057540000000000004,16.745431441203483,12.678091612236877,184.993131095226,3.0,1nM,5,0
1nM_315,,2.5,,0.0057540000000000004,,,,3.0,1nM,0,1
1nM_315,,5.0,,0.0057540000000000004,15.93073961924624,13.538382337395673,112.266159558507,3.0,1nM,1,1
1nM_315,,7.5,375.927711065031,0.0057540000000000004,19.561513665364277,18.316612242839135,72.1669192767912,3.0,1nM,2,1
1nM_315,,10.0,353.678925461897,0.0057540000000000004,41.18803941734801,34.20214587466761,121.038168981027,3.0,1nM,3,1
1nM_315,,12.5,242.674001129445,0.0057540000000000004,29.371311155410975,25.75599479804109,128.732190850948,3.0,1nM,4,1
1nM_315,,15.0,228.011131022706,0.0057540000000000004,17.296740261715108,14.09730115659291,78.6827744349469,3.0,1nM,5,1
1nM_315,,17.5,210.960649680159,0.0057540000000000004,22.8641198038081,16.259538523179245,95.2985917562559,3.0,1nM,6,1
1nM_315,,20.0,223.990550563435,0.0057540000000000004,26.46338249238889,24.914140988187444,12.5989348085808,3.0,1nM,7,1
1nM_136,,2.5,,0.0057540000000000004,7.511379563705621,5.692081497756104,999.999999984412,3.0,1nM,0,2
1nM_136,,5.0,407.094009769808,0.0057540000000000004,12.820311017706494,11.358276079607627,308.641005083691,3.0,1nM,1,2
1nM_136,,7.5,159.651680750946,0.0057540000000000004,4.3192029635986495,4.318041252714574,5.33606380629326,3.0,1nM,2,2
1nM_317,,2.5,,0.0057540000000000004,12.348981967121487,12.21903371243436,5.28500228100809,3.0,1nM,0,3
1nM_317,,5.0,441.079021752063,0.0057540000000000004,24.646020512609812,25.180258663628624,250.298244951286,3.0,1nM,1,3
1nM_317,,7.5,381.678576234416,0.0057540000000000004,8.856524500371869,8.93596319782862,5.32651907373716,3.0,1nM,2,3
1nM_318,,2.5,,0.0057540000000000004,7.254707310769286,7.231021687544097,5.29744425512524,3.0,1nM,0,4
1nM_318,,5.0,387.440848436186,0.0057540000000000004,13.860948340147186,13.506147923033263,25.5071971186159,3.0,1nM,1,4
1nM_318,,7.5,384.653434837599,0.0057540000000000004,7.200901490969886,6.986819873246249,5.27364038320255,3.0,1nM,2,4
1nM_318,,10.0,203.076663541307,0.0057540000000000004,6.057438986731491,5.827333581194775,10.7405128732019,3.0,1nM,3,4
1nM_318,,12.5,394.248141299582,0.0057540000000000004,19.134329047896113,19.413380930973222,5.34763196776605,3.0,1nM,4,4
1nM_318,,15.0,356.418048017019,0.0057540000000000004,16.946211997483395,17.222311249974286,5.36579448802399,3.0,1nM,5,4
1nM_318,,17.5,236.932212584052,0.0057540000000000004,8.707020030354473,8.586079851610044,5.06235486590079,3.0,1nM,6,4
1nM_318,,20.0,312.519631381472,0.0057540000000000004,13.599918697479367,12.824071891338143,67.689002346935,3.0,1nM,7,4
1nM_318,,22.5,318.954309494867,0.0057540000000000004,26.054366059815003,25.985166683847005,5.28448686439476,3.0,1nM,8,4
1nM_318,,25.0,230.174294522815,0.0057540000000000004,26.594065957151212,25.50187354734865,48.4170044784394,3.0,1nM,9,4
1nM_318,,27.5,245.219698171692,0.0057540000000000004,44.828657920520165,46.11011791408702,201.389036252087,3.0,1nM,10,4
1nM_318,,30.0,196.174033128068,0.0057540000000000004,17.117536881906403,16.08865175421294,89.0304191882512,3.0,1nM,11,4
1nM_318,,32.5,250.957807463758,0.0057540000000000004,21.197183779413574,21.431948418461108,5.35524256920539,3.0,1nM,12,4
1nM_318,,35.0,232.579317136573,0.0057540000000000004,38.07253898756596,37.268583794833376,92.1776310347589,3.0,1nM,13,4
1nM_318,,37.5,187.829630003025,0.0057540000000000004,35.19183329323796,34.17440776409582,60.2968081931148,3.0,1nM,14,4
1nM_318,,40.0,185.65322204681,0.0057540000000000004,20.655504119086537,20.48589741037559,19.0872415046537,3.0,1nM,15,4
1nM_319,,2.5,,0.0057540000000000004,4.172458208583161,4.1213609647100515,5.28249909713002,3.0,1nM,0,5
1nM_319,,5.0,603.450636085162,0.0057540000000000004,25.524917437343728,15.51902249167175,342.478559068159,3.0,1nM,1,5
1nM_320,,2.5,,0.006850000000000001,4.770563617399367,3.4998009409572575,115.749242440169,4.0,1nM,0,6
1nM_320,,5.0,435.057199716942,0.006850000000000001,12.225897203414583,11.21179085471209,104.20688863771,4.0,1nM,1,6
1nM_320,,7.5,156.910459675364,0.006850000000000001,9.251754703495342,9.250679351251446,5.34568160129839,4.0,1nM,2,6
1nM_321,,2.5,,0.006850000000000001,3.9016586091989476,3.9120943750846413,5.35020080481019,4.0,1nM,0,7
1nM_321,,5.0,568.437112104668,0.006850000000000001,8.739968458800524,7.849406249300909,304.074306259264,4.0,1nM,1,7
1nM_321,,7.5,484.181982016764,0.006850000000000001,14.928361503377786,13.68179002232218,162.815958350329,4.0,1nM,2,7
1nM_322,,2.5,,0.006850000000000001,5.561206973769252,0.9601876577350927,5.01325696533406,4.0,1nM,0,8
1nM_322,,5.0,373.407352138981,0.006850000000000001,9.024027207144535,9.066797930238112,5.35286898446702,4.0,1nM,1,8
1nM_322,,7.5,420.026281220239,0.006850000000000001,14.003344650651977,12.995788690452455,122.583136947801,4.0,1nM,2,8
1nM_323,,2.5,,0.006850000000000001,29.967940533834632,29.819238640764798,5.28985621742206,4.0,1nM,0,9
1nM_323,,5.0,176.525120101277,0.006850000000000001,37.524392024350014,37.380740407553745,5.3960414066983,4.0,1nM,1,9
1nM_323,,7.5,165.635500973739,0.006850000000000001,33.14202183617928,32.755154098726976,5.36667467531821,4.0,1nM,2,9
1nM_324,,2.5,,0.006850000000000001,5.670959921799951,5.13715493832205,46.9929362050345,4.0,1nM,0,10
1nM_324,,5.0,444.377025269032,0.006850000000000001,11.349595535095288,9.799849789166657,127.030129974194,4.0,1nM,1,10
1nM_324,,7.5,381.320832433618,0.006850000000000001,11.227654318397784,10.978294597889493,22.221619919384,4.0,1nM,2,10
1nM_324,,10.0,355.464445576859,0.006850000000000001,16.77011551054848,16.467939072300883,5.32805453484481,4.0,1nM,3,10
1nM_324,,12.5,290.371933039607,0.006850000000000001,20.83503489299088,19.969989330340674,145.452551706162,4.0,1nM,4,10
1nM_324,,15.0,354.960316634967,0.006850000000000001,23.231392878947634,19.83493158207481,163.683023619993,4.0,1nM,5,10
1nM_324,,17.5,239.035723362733,0.006850000000000001,42.13463269089284,29.915422973005043,155.230257537063,4.0,1nM,6,10
1nM_324,,20.0,,0.006850000000000001,,,,4.0,1nM,7,10
1nM_324,,22.5,,0.006850000000000001,,,,4.0,1nM,8,10
1nM_324,,25.0,,0.006850000000000001,,,,4.0,1nM,9,10
1nM_324,,27.5,,0.006850000000000001,,,,4.0,1nM,10,10
1nM_324,,30.0,,0.006850000000000001,,,,4.0,1nM,11,10
1nM_325,,2.5,,0.006850000000000001,4.965363997953915,4.8708798379786105,5.26912392001033,4.0,1nM,0,11
1nM_325,,5.0,413.847795954586,0.006850000000000001,11.50987012581728,10.997289310542143,5.22511455230851,4.0,1nM,1,11
1nM_325,,7.5,271.864665037371,0.006850000000000001,24.698594885784313,20.208438178263076,69.8973644247406,4.0,1nM,2,11
1nM_325,,10.0,166.060388365679,0.006850000000000001,89.98209993934209,83.71922611311865,522.218554110132,4.0,1nM,3,11
1nM_326,,2.5,,0.008768000000000001,9.483577999569468,8.171085817568933,115.977082336128,2.0,1nM,0,12
1nM_326,,5.0,183.718837610048,0.008768000000000001,18.128682824517558,17.51639893265504,77.4638617419903,2.0,1nM,1,12
1nM_326,,7.5,79.4575812702697,0.008768000000000001,11.090060655689806,10.597493320291337,335.380475289038,2.0,1nM,2,12
1nM_327,,2.5,,0.008768000000000001,3.5963966434881702,3.401066384524587,5.22476282939127,2.0,1nM,0,13
1nM_327,,5.0,411.612854471139,0.008768000000000001,8.694610435100621,7.260841527665886,246.539314120015,2.0,1nM,1,13
1nM_327,,7.5,184.903860901612,0.008768000000000001,3.6347768435815944,1.9625197921031035,168.512100012189,2.0,1nM,2,13
1nM_327,,10.0,346.050993674377,0.008768000000000001,7.1659698945790895,3.515398579789262,301.977672067583,2.0,1nM,3,13
1nM_327,,12.5,305.691847913272,0.008768000000000001,10.328869566810123,10.348467026071738,5.30532189072408,2.0,1nM,4,13
1nM_327,,15.0,150.007137816222,0.008768000000000001,26.33725512145234,22.0565234554784,244.629767632055,2.0,1nM,5,13
1nM_327,,17.5,141.193615610326,0.008768000000000001,30.36138430328931,28.42073350546588,342.858884605669,2.0,1nM,6,13
1nM_328,,2.5,,0.008768000000000001,4.266259352144695,4.106264715194238,5.23020131927482,2.0,1nM,0,14
1nM_328,,5.0,401.185073432606,0.008768000000000001,14.51508930562065,13.64021483402558,34.3150971288584,2.0,1nM,1,14
1nM_328,,7.5,265.185163791772,0.008768000000000001,23.590886427667876,21.99247187776738,145.531594787493,2.0,1nM,2,14
1nM_328,,10.0,193.26822965159,0.008768000000000001,18.641068488362762,16.300967452627834,999.999999830652,2.0,1nM,3,14
1nM_329,,2.5,,0.008768000000000001,4.02785239828514,3.7137728715451943,5.21007981863081,2.0,1nM,0,15
1nM_329,,5.0,471.970263789938,0.008768000000000001,2.1146844608775908,1.2012237581023546,4.78636657514137,2.0,1nM,1,15
1nM_329,,7.5,439.497791849925,0.008768000000000001,5.323148544503987,4.28004524703938,123.242997022078,2.0,1nM,2,15
1nM_329,,10.0,211.660441293685,0.008768000000000001,4.063065491655231,3.7949855575446527,5.22134052778561,2.0,1nM,3,15
1nM_329,,12.5,187.874817769189,0.008768000000000001,7.331147274307125,4.944498823706437,207.299319155282,2.0,1nM,4,15
1nM_329,,15.0,337.596750795921,0.008768000000000001,7.2229560404143065,6.842522018004765,21.8015028734771,2.0,1nM,5,15
1nM_329,,17.5,357.870259510915,0.008768000000000001,14.365190800121894,11.912653085076519,281.813372836457,2.0,1nM,6,15
1nM_329,,20.0,220.477906550363,0.008768000000000001,8.832564137582976,6.8919957496619,183.338942624233,2.0,1nM,7,15
1nM_329,,22.5,263.101486953537,0.008768000000000001,9.264667466556478,4.5745464024453275,30.5633524989312,2.0,1nM,8,15
1nM_329,,25.0,321.443247434271,0.008768000000000001,17.85847885718084,9.217547197753301,999.999999927189,2.0,1nM,9,15
1nM_329,,27.5,162.872050331089,0.008768000000000001,14.756330719255704,12.172654348016676,125.540189747897,2.0,1nM,10,15
1nM_329,,30.0,319.121793275674,0.008768000000000001,21.65061317549334,19.722100285658488,260.629152317816,2.0,1nM,11,15
1nM_329,,32.5,142.338547277105,0.008768000000000001,10.133238476373467,7.824153021196084,168.607772513141,2.0,1nM,12,15
1nM_329,,35.0,186.288295057061,0.008768000000000001,21.55141468839701,20.139825714812844,75.5209943235787,2.0,1nM,13,15
1nM_330,,2.5,,0.008768000000000001,4.51661666223008,3.5378983050792545,78.2606253201236,2.0,1nM,0,16
1nM_330,,5.0,316.278793078225,0.008768000000000001,8.152132930770941,7.3928871232199125,144.1234876757,2.0,1nM,1,16
1nM_330,,7.5,184.269419685674,0.008768000000000001,11.393594027703127,10.983361975999923,5.24739706237487,2.0,1nM,2,16
1nM_331,,2.5,,0.008768000000000001,12.297292300706761,9.180095978916851,567.439576815982,2.0,1nM,0,17
1nM_331,,5.0,303.104462550088,0.008768000000000001,14.144752196551838,13.562602209087819,95.1197551138605,2.0,1nM,1,17
1nM_331,,7.5,276.825117866395,0.008768000000000001,22.172415625930775,19.666112473221972,189.917055010778,2.0,1nM,2,17
1nM_332,,2.5,,0.008768000000000001,4.174018445043151,4.064874017004231,5.16257212582538,2.0,1nM,0,18
1nM_333,,2.5,,0.008768000000000001,5.260049493658651,3.4052341846410616,237.769324886419,2.0,1nM,0,19
1nM_333,,5.0,292.246168077023,0.008768000000000001,9.962376705185948,9.857199411454076,239.689571376925,2.0,1nM,1,19
1nM_334,,2.5,,0.008768000000000001,17.066323068657194,13.670018951081301,378.556430531185,2.0,1nM,0,20
1nM_334,,5.0,,0.008768000000000001,,,,2.0,1nM,1,20
1nM_334,,7.5,389.237831876516,0.008768000000000001,9.101963831462802,8.943865740986686,196.085252114079,2.0,1nM,2,20
1nM_334,,10.0,326.185608232251,0.008768000000000001,3.9361612047621697,3.7611804427225577,5.25346637620594,2.0,1nM,3,20
1nM_334,,12.5,186.968486770342,0.008768000000000001,4.734884858622981,4.404730418556572,4.95565498560546,2.0,1nM,4,20
1nM_335,,2.5,,0.008768000000000001,16.367751317565872,12.961518835371036,675.848712060101,2.0,1nM,0,21
1nM_335,,5.0,311.727880473899,0.008768000000000001,16.541462036700164,14.71309120284858,85.5948239748801,2.0,1nM,1,21
1nM_335,,7.5,303.489415354894,0.008768000000000001,8.065491811553782,5.804194187830289,188.563147135197,2.0,1nM,2,21
1nM_335,,10.0,234.713371544846,0.008768000000000001,9.921934818994254,6.894651661168878,220.415203654749,2.0,1nM,3,21
1nM_335,,12.5,248.456932633604,0.008768000000000001,18.642511207842176,13.713533160772048,123.840799884549,2.0,1nM,4,21
1nM_335,,15.0,158.165756884934,0.008768000000000001,37.61948154587328,30.631206050340044,230.984831260751,2.0,1nM,5,21
1nM_335,,17.5,283.082811497289,0.008768000000000001,31.643331139056894,28.37588231255752,64.5444826931481,2.0,1nM,6,21
1nM_335,,20.0,231.132722746122,0.008768000000000001,32.15037761749506,25.693335116352802,278.435668554904,2.0,1nM,7,21
1nM_335,,22.5,152.594423084316,0.008768000000000001,23.738948285238205,21.654368457782677,75.0134285981637,2.0,1nM,8,21
1nM_335,,25.0,197.103337693812,0.008768000000000001,30.452787052482623,27.38610636389427,125.226449956434,2.0,1nM,9,21
1nM_335,,27.5,158.805414434052,0.008768000000000001,37.97951819936657,34.70436123624513,96.1365080993296,2.0,1nM,10,21
1nM_335,,30.0,112.725936698758,0.008768000000000001,34.390540051103144,31.394543074099676,142.304873389875,2.0,1nM,11,21
1nM_336,,2.5,,0.008768000000000001,25.687540715469144,23.41517594469752,117.165341917598,2.0,1nM,0,22
1nM_336,,5.0,247.244245110544,0.008768000000000001,28.251875572777184,26.544336897519475,109.149595910546,2.0,1nM,1,22
1nM_336,,7.5,283.676560655346,0.008768000000000001,10.162692933589579,8.488305653269663,44.896719294334,2.0,1nM,2,22
1nM_337,,2.5,,0.008768000000000001,13.23366534014643,11.560188004322166,84.575425353114,2.0,1nM,0,23
1nM_337,,5.0,261.348183302432,0.008768000000000001,25.494364691930574,21.004942963388487,123.072360129399,2.0,1nM,1,23
1nM_337,,7.5,164.194330710972,0.008768000000000001,15.283891350686753,15.10181971955845,5.36506868916992,2.0,1nM,2,23
1nM_337,,10.0,267.519476068744,0.008768000000000001,35.608627478043985,29.612520854518895,195.597281619423,2.0,1nM,3,23
1nM_337,,12.5,170.15279430089,0.008768000000000001,66.10912522812917,63.260754748259856,77.2184490995755,2.0,1nM,4,23
1nM_337,,15.0,157.574977787801,0.008768000000000001,54.50083941236433,53.92806429532967,7.79647616202805,2.0,1nM,5,23
1nM_338,,2.5,,0.008768000000000001,13.452945005276367,13.305739575283903,5.27657301125467,2.0,1nM,0,24
1nM_338,,5.0,331.742211773767,0.008768000000000001,12.549314234825685,7.880520719217253,92.1635249314944,2.0,1nM,1,24
1nM_338,,7.5,319.843636674239,0.008768000000000001,37.80880126978033,37.50779047586445,9.40554010852956,2.0,1nM,2,24
1nM_338,,10.0,235.753860451072,0.008768000000000001,50.88197676632829,48.852226592240875,26.7815529387603,2.0,1nM,3,24
1nM_338,,12.5,112.231636329416,0.008768000000000001,55.44494568241779,54.80539194804637,5.33686968813285,2.0,1nM,4,24
1nM_339,,2.5,,0.008768000000000001,3.0543292720620636,3.0010739474401835,5.05413629639601,2.0,1nM,0,25
1nM_339,,5.0,379.91953058191,0.008768000000000001,20.418652633701342,18.018874680289986,181.294659702966,2.0,1nM,1,25
1nM_339,,7.5,260.746175569184,0.008768000000000001,8.212248572238758,7.903204260180536,30.4907553619389,2.0,1nM,2,25
1nM_339,,10.0,231.678143740285,0.008768000000000001,15.613238229169792,10.869382821829717,288.351366656416,2.0,1nM,3,25
1nM_339,,12.5,320.346946124846,0.008768000000000001,9.920747541695409,8.212880516401158,999.999999963573,2.0,1nM,4,25
1nM_340,,2.5,,0.008768000000000001,15.76692236593785,12.061346788293616,168.377249613865,2.0,1nM,0,26
1nM_340,,5.0,223.4311831418,0.008768000000000001,17.557447016389137,15.294755972587186,183.553587555622,2.0,1nM,1,26
1nM_340,,7.5,183.469530832073,0.008768000000000001,13.394594340081568,12.201478656356338,41.3710316820028,2.0,1nM,2,26
1nM_340,,10.0,177.981803108565,0.008768000000000001,22.416200882873074,19.982286242718544,334.981928353515,2.0,1nM,3,26
1nM_341,,2.5,,0.008768000000000001,11.938745659093351,10.553797383805426,113.532739825352,2.0,1nM,0,27
1nM_341,,5.0,245.559528906528,0.008768000000000001,11.146932602421705,10.14368171469696,41.4246927431244,2.0,1nM,1,27
1nM_341,,7.5,185.811596143365,0.008768000000000001,15.786941375780279,11.61674274712608,999.999999627496,2.0,1nM,2,27
1nM_342,,2.5,,0.008768000000000001,,,,2.0,1nM,0,28
1nM_342,,5.0,,0.008768000000000001,12.827398741244581,5.839781443803173,211.199928580985,2.0,1nM,1,28
1nM_342,,7.5,328.439906894463,0.008768000000000001,11.855003638549976,9.88629488389308,249.276941365042,2.0,1nM,2,28
1nM_342,,10.0,272.490727490895,0.008768000000000001,9.520182549445709,7.532456096799418,194.336981533382,2.0,1nM,3,28
1nM_342,,12.5,256.836567255378,0.008768000000000001,8.370932916555875,8.189633182316994,8.88115210494916,2.0,1nM,4,28
1nM_342,,15.0,255.707005863039,0.008768000000000001,20.214716405818127,14.568869410089459,236.354732264344,2.0,1nM,5,28
1nM_342,,17.5,146.884252943999,0.008768000000000001,25.965707960948706,14.907027335896743,999.9999993433,2.0,1nM,6,28
1nM_341,,10.0,,0.008768000000000001,4.22605336312247,4.287900281512943,5.33135220686098,2.0,1nM,3,27
1nM_341,,12.5,378.547286674366,0.008768000000000001,6.272940321099336,6.0134806396868745,5.00646277768419,2.0,1nM,4,27
1nM_341,,15.0,408.513677680814,0.008768000000000001,11.048348181724753,8.157288769742708,157.448738768493,2.0,1nM,5,27
1nM_341,,17.5,358.058177442311,0.008768000000000001,8.799553672384418,8.258449783478794,152.222967914799,2.0,1nM,6,27
1nM_341,,20.0,281.509799998291,0.008768000000000001,7.042196376998066,6.062842068181254,61.9323639298158,2.0,1nM,7,27
1nM_341,,22.5,454.380083072813,0.008768000000000001,10.504019726564032,8.902281999105746,32.8097399256444,2.0,1nM,8,27
1nM_341,,25.0,65.1341755976613,0.008768000000000001,14.032516185914035,9.23006632652174,141.662948814812,2.0,1nM,9,27
1nM_341,,27.5,289.81985140824,0.008768000000000001,25.344277868450447,18.474098033042633,117.436508447189,2.0,1nM,10,27
1nM_341,,30.0,292.147728807941,0.008768000000000001,79.06510104623104,65.98872620552065,999.999999958033,2.0,1nM,11,27
1nM_342,,20.0,,0.008768000000000001,20.794494980961968,17.167519207936987,163.298774887394,2.0,1nM,7,28
1nM_342,,22.5,309.236927371248,0.008768000000000001,25.063844145168538,18.231021683335825,138.47671106543,2.0,1nM,8,28
1nM_342,,25.0,235.418911372387,0.008768000000000001,22.812364999583398,18.211520486415402,56.8224012449016,2.0,1nM,9,28
1nM_342,,27.5,161.617429372262,0.008768000000000001,22.015967479991243,10.461406562680883,201.183467851362,2.0,1nM,10,28
1nM_343,,2.5,,0.008768000000000001,9.292840184024717,7.364493725819558,69.9433225827676,2.0,1nM,0,29
1nM_343,,5.0,269.083713329516,0.008768000000000001,17.434762873114323,15.763727848767935,75.5693558501169,2.0,1nM,1,29
1nM_345,,2.5,,0.008768000000000001,12.439314817907986,10.245383071953828,173.684798160492,2.0,1nM,0,30
1nM_345,,5.0,296.017263072931,0.008768000000000001,5.68487532875156,3.821973941296185,84.1248649919761,2.0,1nM,1,30
1nM_345,,7.5,383.309238268948,0.008768000000000001,14.656897049936845,14.780744100838218,5.351610839118,2.0,1nM,2,30
1nM_345,,10.0,286.660337017466,0.008768000000000001,12.66579074723233,8.206500604489731,238.034150380425,2.0,1nM,3,30
1nM_345,,12.5,264.762365147104,0.008768000000000001,23.296112761011855,20.309093365548918,84.9810298470976,2.0,1nM,4,30
1nM_345,,15.0,201.144472436199,0.008768000000000001,28.213289334802774,27.27203803017665,5.29271344356602,2.0,1nM,5,30
1nM_346,,2.5,,0.008768000000000001,9.621310166567861,9.418136042737592,5.30551487589148,2.0,1nM,0,31
1nM_346,,5.0,345.787221683438,0.008768000000000001,6.19442793101151,5.83858362541068,61.1286382963107,2.0,1nM,1,31
1nM_346,,7.5,336.712728445227,0.008768000000000001,10.462926622724538,9.69714948806279,5.21584192673452,2.0,1nM,2,31
1nM_346,,10.0,204.798359244816,0.008768000000000001,16.88045259634199,17.24532979668874,5.39677292088653,2.0,1nM,3,31
1nM_346,,12.5,203.261839631418,0.008768000000000001,26.71951059980943,26.94156797856624,5.3206355160082,2.0,1nM,4,31
1nM_347,,2.5,,0.008768000000000001,5.725836930422536,4.359168898696704,134.312430588336,2.0,1nM,0,32
1nM_347,,5.0,268.521508586708,0.008768000000000001,7.001138273185676,5.642450664579538,89.0719338504561,2.0,1nM,1,32
1nM_347,,7.5,392.502271462391,0.008768000000000001,11.474336927339222,10.462786632387589,5.18257268846944,2.0,1nM,2,32
1nM_347,,10.0,302.920656766939,0.008768000000000001,14.972213080585858,14.748400127348,11.0483561850247,2.0,1nM,3,32
1nM_348,,2.5,,0.008768000000000001,5.4389165229154965,4.924142718867794,4.93276219127919,2.0,1nM,0,33
1nM_348,,5.0,424.668524098494,0.008768000000000001,6.689059570074333,6.742618307620746,5.35279123667193,2.0,1nM,1,33
1nM_348,,7.5,258.399745988544,0.008768000000000001,10.65608156812427,10.289700639012828,54.0822830767974,2.0,1nM,2,33
1nM_348,,10.0,254.845946922359,0.008768000000000001,10.404309921977775,10.247826212370784,5.37673903761093,2.0,1nM,3,33
6nM_6,1.0,0.0,,0.04746228,,,,,6nM,0,0
6nM_6,1.0,2.449,,0.045875820000000005,36.68586,36.27212,5.2945,,6nM,1,0
6nM_6,1.0,4.899,247.22,0.04345914,42.29738,38.31342,70.067,,6nM,2,0
6nM_6,1.0,7.347999999999999,188.69,0.06194318,64.76538,61.06638,85.35,,6nM,3,0
6nM_6,1.0,9.813,189.12,0.051358560000000004,42.10832,41.4151,5.0913,,6nM,4,0
6nM_6,1.0,12.309,122.96,0.04858842,81.36978,77.35568,305.7,,6nM,5,0
6nM_6,1.0,15.381999999999998,150.05,0.048793920000000005,86.36206,83.86044,381.03,,6nM,6,0
6nM_6,1.0,17.831,162.2,0.07801602,117.17336,110.3398,142.9,,6nM,7,0
6nM_6,1.0,20.296,99.35,0.06250488,92.28046,81.26566,139.18,,6nM,8,0
6nM_6,1.0,22.761,109.89,0.08703062,115.16768,101.75264,111.22,,6nM,9,0
6nM_6,1.0,25.241,56.105,0.11415662,129.04852,119.99556,240.56,,6nM,10,0
6nM_6,1.0,27.69,135.75,0.12854984,141.00862,129.48144,140.78,,6nM,11,0
6nM_6,1.0,30.614000000000004,108.23,0.12044492,89.3788,82.27946,50.466,,6nM,12,0
6nM_6,1.0,32.635,172.95,0.13953724,116.53768,108.06286,54.653,,6nM,13,0
6nM_6,1.0,35.085,110.44,0.17846990000000001,191.2794,168.67714,119.54,,6nM,14,0
6nM_6,1.0,37.565,103.01,0.18097152,176.93002,141.4388,236.11,,6nM,15,0
6nM_6,1.0,40.576,166.4,0.19918156,193.14534,173.17348,102.77,,6nM,16,0
6nM_6,1.0,43.041,112.17,0.24553962000000001,211.22934,193.49058,86.746,,6nM,17,0
6nM_6,1.0,45.49,54.861,0.22629934000000002,141.57854,117.71588,144.46,,6nM,18,0
6nM_6,1.0,47.955,80.541,0.22993532000000003,147.53256,125.4783,159.73,,6nM,19,0
6nM_10,1.0,0.0,,0.04973922,,,,,6nM,0,1
6nM_10,1.0,2.465,,0.046881400000000004,,,,,6nM,1,1
6nM_10,1.0,4.914,193.68,0.07313608,48.15824,47.2787,5.0792,,6nM,2,1
6nM_10,1.0,7.882999999999999,144.78,0.07313608,101.0238,90.71866,62.453,,6nM,3,1
6nM_10,1.0,9.828,222.46,0.13718084,141.0278,124.5878,75.201,,6nM,4,1
6nM_10,1.0,12.293,61.852,0.23064224000000003,156.49236,114.4909,379.57,,6nM,5,1
6nM_10,1.0,14.727,96.103,0.29882440000000005,185.2925,144.42266,223.8,,6nM,6,1
6nM_17,2.0,0.0,,0.0796792,,,,,6nM,0,2
6nM_17,2.0,4.35,96.149,0.08928290000000001,71.33042,56.23302,412.49,,6nM,1,2
6nM_17,2.0,5.975,456.93,0.10034976,85.25784,70.83174,338.63,,6nM,2,2
6nM_17,2.0,8.8,198.45,0.13204334,77.99958,56.81938,131.88,,6nM,3,2
6nM_17,2.0,10.905,235.49,0.18270046,141.31002,105.26532,179.87,,6nM,4,2
6nM_17,2.0,13.354,114.64,0.3093734,223.87992,157.32806,296.0,,6nM,5,2
6nM_17,2.0,15.803,167.25,0.27160524,201.68592,151.74668,270.46,,6nM,6,2
6nM_17,2.0,18.253,120.84,0.22186876000000003,148.11344,115.14028,170.45,,6nM,7,2
6nM_17,2.0,20.702,172.26,0.21165678000000002,207.42896,167.25508,177.38,,6nM,8,2
6nM_17,2.0,,,0.27501380000000003,,,,,6nM,9,2
6nM_17,2.0,23.198,137.98,0.008469888000000002,192.83298,147.44488,179.47,,6nM,10,2
6nM_17,2.0,29.811999999999998,153.72,0.2974818,303.6742,256.59004,211.57,,6nM,11,2
6nM_17,2.0,32.261,110.83,0.31778520000000005,268.41588,218.32594,246.59,,6nM,12,2
6nM_17,2.0,34.726,150.29,0.23379872000000002,218.23826,185.33634,138.11,,6nM,13,2
6nM_17,2.0,37.191,114.03,0.21604900000000002,234.75498,187.54478,183.74,,6nM,14,2
6nM_17,2.0,39.64,154.07,0.26915568,276.603,224.954,185.05,,6nM,15,2
6nM_17,2.0,42.089,121.74,0.30956520000000004,270.12564,217.75054,194.59,,6nM,16,2
6nM_17,2.0,44.554,196.95,0.3425548,326.745,273.03278,248.32,,6nM,17,2
6nM_23,2.0,0.0,,0.23255202000000003,,,,,6nM,0,3
6nM_23,2.0,2.404,,0.031707280000000004,13.301056,13.725756,13.712,,6nM,1,3
6nM_23,2.0,4.884,282.43,0.10533656000000001,50.01596,34.10752,147.19,,6nM,2,3
6nM_23,2.0,7.349,125.81,0.13837548,76.24324,54.02732,321.48,,6nM,3,3
6nM_23,2.0,9.814,131.01,0.13617800000000002,80.30666,59.83338,218.25,,6nM,4,3
6nM_23,2.0,12.809,135.82,0.14286908,160.12012,127.94704,206.1,,6nM,5,3
6nM_23,2.0,15.29,142.29,0.17261726000000002,100.66212,88.07182,57.692,,6nM,6,3
6nM_23,2.0,17.739,65.883,0.19463590000000003,98.8729,73.60736,130.65,,6nM,7,3
6nM_23,2.0,20.219,90.417,0.23255202000000003,120.74632,87.81152,173.92,,6nM,8,3
6nM_23,2.0,22.668,86.788,0.26450042,203.97382,158.04594,347.14,,6nM,9,3
6nM_23,2.0,25.149,62.745,0.26593892,201.0612,157.90072,338.01,,6nM,10,3
6nM_23,2.0,27.598,74.443,0.22868588,228.0502,195.43598,357.84,,6nM,11,3
6nM_23,2.0,30.92,57.389,0.19537569999999999,179.82072,146.25298,261.2,,6nM,12,3
6nM_23,2.0,32.496,145.49,0.18084274000000003,157.65412,121.55736,287.26,,6nM,13,3
6nM_23,2.0,34.946,78.507,0.18142636,211.83762,162.79162,401.84,,6nM,14,3
6nM_23,2.0,37.925,85.496,0.1864844,235.21256,197.96226,383.15,,6nM,15,3
6nM_23,2.0,40.421,119.42,0.19391528000000002,263.0674,225.7486,231.91,,6nM,16,3
6nM_23,2.0,42.886,138.35,0.21404332000000004,311.7024,268.08982,173.47,,6nM,17,3
6nM_23,2.0,45.335,157.67,0.26932008,268.794,222.71816,131.57,,6nM,18,3
6nM_23,2.0,47.784,53.543,0.34110260000000003,270.39416,206.34118,218.66,,6nM,19,3
6nM_28,3.0,0.0,,0.13190634,,,,,6nM,0,4
6nM_28,3.0,2.449,,0.22336206,32.06348,27.93156,35.124,,6nM,1,4
6nM_28,3.0,4.883,116.1,0.15555528000000002,75.77196,47.98288,146.32,,6nM,2,4
6nM_28,3.0,7.347000000000001,128.13,0.153029,116.68564,104.87898,41.68,,6nM,3,4
6nM_28,3.0,9.812,98.116,0.21775328000000002,162.6464,117.9844,121.63,,6nM,4,4
6nM_28,3.0,12.261,126.66,0.24675070000000002,97.46454,91.20912,24.129,,6nM,5,4
6nM_28,3.0,14.725999999999999,96.789,0.20246134000000002,146.042,101.5718,140.8,,6nM,6,4
6nM_28,3.0,17.659,148.74,0.20981002,252.96776,148.92722,260.34,,6nM,7,4
6nM_28,3.0,20.108,180.99,0.25231838,236.44556,177.81778,142.95,,6nM,8,4
6nM_30,3.0,0.0,,0.11991062000000002,,,,,6nM,0,5
6nM_30,3.0,3.027,263.38,0.11552662000000001,67.76842,54.03006,171.84,,6nM,1,5
6nM_30,3.0,5.507,291.86,0.0688836,118.642,103.92546,91.663,,6nM,2,5
6nM_30,3.0,7.972000000000001,274.56,0.12537144,131.42684,120.12434,46.881,,6nM,3,5
6nM_30,3.0,10.437,219.2,0.14840936,183.39916,167.14274,59.431,,6nM,4,5
6nM_30,3.0,12.917,186.66,0.18923810000000002,205.98498,173.93794,174.16,,6nM,5,5
6nM_30,3.0,15.398,342.22,0.20837700000000003,128.60464,126.6017,5.3466,,6nM,6,5
6nM_30,3.0,17.847,195.3,0.19068208000000003,152.3029,132.616,93.539,,6nM,7,5
6nM_30,3.0,20.28,236.34,0.13694246000000002,215.93666,191.09308,203.95,,6nM,8,5
6nM_30,3.0,22.761,306.8,0.15153570000000002,234.56318,214.8982,76.688,,6nM,9,5
6nM_30,3.0,25.793,122.74,0.13582454,197.48824,183.27586,59.83,,6nM,10,5
6nM_30,3.0,29.053,,0.23128340000000003,,,,,6nM,11,5
6nM_30,3.0,30.701,205.99,0.17774106,196.24428,144.10208,180.94,,6nM,12,5
6nM_30,3.0,33.353,44.001,0.17774106,215.2681,168.64152,162.39,,6nM,13,5
6nM_61,6.0,0.0,,0.08915686,,,,,6nM,0,6
6nM_61,6.0,1.6749999999999998,,0.24499162000000005,,,,,6nM,1,6
6nM_61,6.0,4.577,,0.27813740000000003,113.2168,62.26376,237.57,,6nM,2,6
6nM_61,6.0,7.026,177.48,0.21835334,68.53562,59.0333,39.932,,6nM,3,6
6nM_61,6.0,9.459,128.48,0.2835626,71.62908,71.27288,5.2756,,6nM,4,6
6nM_61,6.0,11.955,189.82,0.27676740000000005,121.8889,121.5738,5.3377,,6nM,5,6
6nM_61,6.0,14.405000000000001,127.25,0.24835086,252.48004,187.45162,118.93,,6nM,6,6
6nM_61,6.0,16.854,92.749,0.35063780000000005,389.491,267.3829,180.09,,6nM,7,6
6nM_61,6.0,19.303,203.1,0.330718,382.8876,262.91122,202.39,,6nM,8,6
6nM_61,6.0,21.737,187.77,0.2754248,314.5246,256.8613,114.21,,6nM,9,6
6nM_63,6.0,0.0,,0.09541228,,,,,6nM,0,7
6nM_63,6.0,2.465,,0.12701544,35.5241,35.0994,5.3296,,6nM,1,7
6nM_63,6.0,4.914,244.21,0.21946852000000003,141.68266,124.78782,91.126,,6nM,2,7
6nM_63,6.0,7.379,235.34,0.22037546000000002,130.91172,97.31384,191.21,,6nM,3,7
6nM_63,6.0,9.828,309.26,0.24437512000000003,169.58408,134.9587,300.66,,6nM,4,7
6nM_63,6.0,12.278,359.69,0.46111460000000004,406.9174,340.6642,233.88,,6nM,5,7
6nM_63,6.0,14.727,185.64,0.3915186,319.5114,260.3548,178.3,,6nM,6,7
6nM_88,10.0,0.0,,0.027381642,,,,,6nM,0,8
6nM_88,10.0,2.5120000000000005,,0.028849460000000004,19.378102,19.392898,5.3396,,6nM,1,8
6nM_88,10.0,5.039,391.52,0.02749042,38.60112,39.23132,5.3437,,6nM,2,8
6nM_88,10.0,7.987,313.37,0.05372592,82.8576,81.09578,15.689,,6nM,3,8
6nM_88,10.0,10.515,153.0,0.05228742,104.1748,80.24364,118.96,,6nM,4,8
6nM_88,10.0,12.995,90.318,0.15440174,176.57656,111.05768,255.11,,6nM,5,8
6nM_88,10.0,15.521999999999998,160.52,0.16024890000000003,144.66378,122.06152,103.41,,6nM,6,8
6nM_88,10.0,18.018,160.97,0.13766034000000002,126.77432,114.53474,53.116,,6nM,7,8
6nM_88,10.0,20.53,44.979,0.14718184,142.45808,90.60906,226.63,,6nM,8,8
6nM_88,10.0,23.042,74.662,0.15493604,112.80306,74.14988,167.35,,6nM,9,8
6nM_88,10.0,25.569,149.0,0.17819864,205.14654,106.70382,287.37,,6nM,10,8
6nM_88,10.0,28.096,57.648,0.23562904000000004,156.67594,97.30014,216.44,,6nM,11,8
6nM_88,10.0,30.608000000000004,202.99,0.23562904000000004,126.64828,79.52576,245.06,,6nM,12,8
6nM_88,10.0,33.54,150.5,0.16538640000000002,154.947,110.33432,159.35,,6nM,13,8
6nM_88,10.0,36.068,36.325,0.16998412000000002,270.44348,168.26066,262.78,,6nM,14,8
6nM_88,10.0,38.579,100.6,0.17006084000000002,266.06496,174.52704,207.61,,6nM,15,8
6nM_88,10.0,41.091,73.883,0.218652,342.4178,221.46872,231.52,,6nM,16,8
6nM_88,10.0,43.587,135.13,0.2399007,341.7876,177.88354,365.12,,6nM,17,8
6nM_88,10.0,46.13,218.7,0.2646155,146.7955,74.41018,271.51,,6nM,18,8
6nM_88,10.0,48.626,76.363,0.20782078,234.88102,126.34688,344.38,,6nM,19,8
6nM_88,10.0,51.168,102.04,0.20660422,233.58774,121.02854,333.89,,6nM,20,8
6nM_88,10.0,53.727,110.82,0.2288859,131.4652,54.47394,371.65,,6nM,21,8
6nM_88,10.0,56.27,130.29,0.19201098000000003,48.10618,21.793686,230.11,,6nM,22,8
6nM_93,11.0,0.0,,0.08778686000000001,,,,,6nM,0,9
6nM_93,11.0,2.449,,0.1817031,,,,,6nM,1,9
6nM_93,11.0,4.898,132.98,0.13113366,35.37066,34.38426,5.2869,,6nM,2,9
6nM_93,11.0,7.533999999999999,123.01,0.18244838,138.17546,114.22238,235.4,,6nM,3,9
6nM_93,11.0,9.796,212.76,0.18470888000000002,166.36458,149.94924,100.65,,6nM,4,9
6nM_93,11.0,12.792,112.05,0.18418006,122.67802,113.3401,49.042,,6nM,5,9
6nM_93,11.0,15.256,113.89,0.23579892,90.1186,68.33012,109.56,,6nM,6,9
6nM_93,11.0,17.737,183.93,0.28737120000000005,209.86208,176.69986,128.13,,6nM,7,9
6nM_99,11.0,0.0,,0.10985482,,,,,6nM,0,10
6nM_99,11.0,3.011,91.567,0.11916260000000001,8.598668,2.5361988,5.0235,,6nM,1,10
6nM_99,11.0,5.568999999999999,277.18,0.12693872,70.42622,60.09094,101.58,,6nM,2,10
6nM_99,11.0,8.191,201.4,0.10860264,137.32606,127.83196,180.46,,6nM,3,10
6nM_99,11.0,10.67,170.39,0.12231360000000001,159.84064,151.30554,162.38,,6nM,4,10
6nM_99,11.0,13.570999999999998,108.83,0.13704658,149.4122,140.94834,84.887,,6nM,5,10
6nM_99,11.0,15.694000000000003,223.28,0.17332966,128.232,115.9431,88.786,,6nM,6,10
6nM_99,11.0,18.961,136.41,0.15973926,103.05962,101.83758,5.3278,,6nM,7,10
6nM_99,11.0,20.764,170.0,0.2776716,197.0334,150.46162,253.21,,6nM,8,10
6nM_99,11.0,23.26,68.302,0.3110722,259.4506,216.64632,154.63,,6nM,9,10
6nM_99,11.0,25.802,90.769,0.27178334000000004,147.80382,126.35784,85.65,,6nM,10,10
6nM_104,12.0,0.0,,0.06631896000000001,,,,,6nM,0,11
6nM_104,12.0,2.2300000000000004,,0.0623898,35.90496,35.98716,5.3522,,6nM,1,11
6nM_104,12.0,5.226,133.14,0.06631896000000001,50.27352,50.22694,5.3314,,6nM,2,11
6nM_104,12.0,7.644,128.27,0.08612094,44.84284,44.40718,5.3286,,6nM,3,11
6nM_104,12.0,10.124,124.56,0.0880499,88.55132,73.71696,162.23,,6nM,4,11
6nM_104,12.0,12.573,175.11,0.11952976000000001,76.59122,74.03206,5.2931,,6nM,5,11
6nM_104,12.0,15.021999999999998,142.74,0.14505012,89.2966,88.98424,5.3158,,6nM,6,11
6nM_104,12.0,17.472,83.255,0.14848882,107.04358,91.08308,86.62,,6nM,7,11
6nM_104,12.0,19.921,93.886,0.17803150000000004,123.56852,101.19368,149.82,,6nM,8,11
6nM_104,12.0,22.37,138.27,0.21661070000000002,188.32568,165.46312,178.61,,6nM,9,11
6nM_104,12.0,25.53,127.24,0.1952661,106.08458,100.8594,28.44,,6nM,10,11
6nM_104,12.0,27.268,138.24,0.16931830000000003,87.12104,53.72044,247.45,,6nM,11,11
6nM_104,12.0,30.217,161.97,0.16978684000000002,106.25172,74.97462,141.29,,6nM,12,11
6nM_104,12.0,32.65,139.51,0.2139803,255.45842,204.53278,247.2,,6nM,13,11
6nM_106,12.0,0.0,,0.09708094,,,,,6nM,0,12
6nM_106,12.0,2.3870000000000005,,0.09627812000000001,33.62254,32.7019,5.2703,,6nM,1,12
6nM_106,12.0,4.851,230.45,0.092749,57.43862,55.63022,5.0775,,6nM,2,12
6nM_106,12.0,8.382,130.8,0.09627812000000001,62.50214,59.43608,5.0414,,6nM,3,12
6nM_106,12.0,10.733,147.1,0.15467848,65.91618,65.4312,5.3289,,6nM,4,12
6nM_106,12.0,13.182,170.1,0.20576852,51.68188,48.10344,5.0572,,6nM,5,12
6nM_106,12.0,15.584,104.96,0.1980746,80.59984,53.86292,189.92,,6nM,6,12
6nM_106,12.0,18.018,139.85,0.21943838000000004,187.09816,148.88064,180.18,,6nM,7,12
6nM_106,12.0,20.451,157.28,0.24977566000000004,166.13168,142.9047,86.593,,6nM,8,12
6nM_106,12.0,22.916,105.7,0.27062432000000003,295.098,244.10386,195.53,,6nM,9,12
6nM_108,12.0,0.0,,0.10254450000000001,,,,,6nM,0,13
6nM_108,12.0,2.511,,0.11586364,39.49984,34.0856,43.642,,6nM,1,13
6nM_108,12.0,5.038,171.62,0.17547234,61.6637,50.04062,66.428,,6nM,2,13
6nM_108,12.0,7.550000000000001,180.7,0.18490890000000001,77.06798,65.6641,65.916,,6nM,3,13
6nM_108,12.0,11.123,121.64,0.18461571999999998,91.82014,75.1034,103.72,,6nM,4,13
6nM_108,12.0,13.649999999999999,109.0,0.20712208000000004,107.45184,84.50982,115.04,,6nM,5,13
6nM_108,12.0,16.161,72.873,0.24604378000000002,164.49864,130.3007,180.49,,6nM,6,13
6nM_108,12.0,18.704,93.372,0.26434424000000006,192.71242,154.49216,163.31,,6nM,7,13
6nM_108,12.0,21.231,114.59,0.27348214000000004,218.22182,175.40384,221.37,,6nM,8,13
6nM_121,13.0,0.0,,0.10522970000000001,,,,,6nM,0,14
6nM_121,13.0,2.6419999999999995,,0.11228520000000002,,,,,6nM,1,14
6nM_121,13.0,5.101,,0.05996490000000001,21.91589,22.03645,5.2556,,6nM,2,14
6nM_121,13.0,8.342,171.53,0.10773680000000001,58.29624,44.04002,95.074,,6nM,3,14
6nM_121,13.0,10.14,173.29,0.09226676000000002,63.75158,36.5927,220.09,,6nM,4,14
6nM_121,13.0,12.683,153.76,0.09536022000000001,40.14922,30.962,71.811,,6nM,5,14
6nM_121,13.0,15.725000000000001,138.47,0.1582898,59.39772,49.92006,52.806,,6nM,6,14
6nM_207,29.0,0.0,,0.4127536,,,,,6nM,0,15
6nM_207,29.0,2.449,,0.3868058,136.19992,125.7523,23.97,,6nM,1,15
6nM_207,29.0,4.899,84.352,0.42196,206.87274,162.04086,125.0,,6nM,2,15
6nM_207,29.0,7.347999999999999,179.75,0.42911140000000003,238.9965,175.31068,177.55,,6nM,3,15
6nM_207,29.0,9.813,132.52,0.41708280000000003,318.3332,261.10556,166.87,,6nM,4,15
6nM_207,29.0,12.426,95.201,0.4123974,339.76,271.83266,214.12,,6nM,5,15
6nM_207,29.0,15.536000000000001,119.88,0.4316048,423.0834,347.7882,205.5,,6nM,6,15
6nM_207,29.0,17.691,109.49,0.48007540000000004,519.8876,417.1924,265.33,,6nM,7,15
6nM_207,29.0,20.14,249.86,0.5099962,664.8062,572.7422,178.16,,6nM,8,15
6nM_207,29.0,22.589,59.108,0.5424378000000001,775.0364,707.057,276.19,,6nM,9,15
6nM_209,29.0,0.0,,0.4957208,,,,,6nM,0,16
6nM_209,29.0,2.449,,0.42500140000000003,161.25174,75.05956,268.09,,6nM,1,16
6nM_209,29.0,4.914,96.593,0.40932860000000004,275.8632,144.27744,291.86,,6nM,2,16
6nM_209,29.0,7.3629999999999995,116.61,0.4174938,391.3268,217.79986,277.6,,6nM,3,16
6nM_209,29.0,9.812,75.872,0.45275760000000004,440.2632,241.08986,279.89,,6nM,4,16
6nM_209,29.0,12.246,110.03,0.4845690000000001,498.6526,327.156,192.78,,6nM,5,16
6nM_209,29.0,15.225000000000001,102.28,0.4911998000000001,447.4694,236.58256,261.19,,6nM,6,16
6nM_209,29.0,17.675,163.31,0.5552336,688.8086,474.1022,178.5,,6nM,7,16
6nM_211,29.0,0.0,,0.2855628,,,,,6nM,0,17
6nM_211,29.0,2.434,,0.38927180000000006,,,,,6nM,1,17
6nM_211,29.0,4.898,,0.2795074,,,,,6nM,2,17
6nM_211,29.0,7.347999999999999,62.712,0.2899742,142.09092,113.45792,91.946,,6nM,3,17
6nM_213,29.0,0.0,,0.22675966,,,,,6nM,0,18
6nM_213,29.0,2.449,,0.18384578000000001,75.28424,50.72288,192.16,,6nM,1,18
6nM_213,29.0,4.898,130.13,0.26430040000000005,208.02354,157.97196,337.39,,6nM,2,18
6nM_213,29.0,7.378,157.8,0.30235900000000004,248.83036,196.6772,159.57,,6nM,3,18
6nM_213,29.0,9.843,91.679,0.4000948000000001,282.5488,213.80494,192.53,,6nM,4,18
6nM_213,29.0,12.308,109.02,0.5043792,407.986,307.3458,276.52,,6nM,5,18
6nM_213,29.0,15.21,90.549,0.587867,485.6102,397.9302,239.32,,6nM,6,18
6nM_213,29.0,17.643,110.6,0.5095578000000001,541.3144,447.1132,302.65,,6nM,7,18
6nM_216,30.0,0.0,,0.09875508,,,,,6nM,0,19
6nM_216,30.0,2.449,,0.10861360000000002,56.4303,33.9349,127.12,,6nM,1,19
6nM_216,30.0,4.867,276.74,0.18580214,166.51802,103.72544,154.75,,6nM,2,19
6nM_216,30.0,7.315999999999999,156.95,0.3104694,312.1408,136.92328,363.25,,6nM,3,19
6nM_216,30.0,9.766,145.5,0.4587582,405.6022,218.37252,252.93,,6nM,4,19
6nM_216,30.0,12.746,88.585,0.5048998,465.5534,276.7126,214.69,,6nM,5,19
6nM_216,30.0,14.710999999999999,129.08,0.5629878,557.5352,312.6614,243.59,,6nM,6,19
6nM_216,30.0,17.144,121.38,0.6581754000000001,607.4032,341.8972,249.07,,6nM,7,19
6nM_218,30.0,0.0,,0.14607488000000002,,,,,6nM,0,20
6nM_218,30.0,2.449,,0.04981046000000001,39.22584,22.38854,234.08,,6nM,1,20
6nM_218,30.0,5.397,70.671,0.14515972,77.48994,49.47892,646.9,,6nM,2,20
6nM_218,30.0,7.815000000000001,73.815,0.1793056,119.18178,93.49976,225.17,,6nM,3,20
6nM_218,30.0,10.273,123.05,0.15529498,148.6176,118.42828,154.8,,6nM,4,20
6nM_218,30.0,12.729,134.33,0.2055685,214.31458,176.6889,188.85,,6nM,5,20
6nM_218,30.0,15.21,148.13,0.2133364,256.59004,209.85112,228.89,,6nM,6,20
6nM_218,30.0,17.659,94.086,0.277836,280.4664,223.64702,240.79,,6nM,7,20
6nM_218,30.0,20.108,155.23,0.28378180000000003,373.8456,287.1794,307.15,,6nM,8,20
6nM_218,30.0,22.542,94.429,0.43034440000000007,481.1714,329.1288,364.09,,6nM,9,20
6nM_218,30.0,25.006,107.45,0.5588504000000001,538.8484,403.3554,358.09,,6nM,10,20
6nM_220,31.0,0.0,,0.37140700000000004,,,,,6nM,0,21
6nM_220,31.0,2.995,68.959,0.37140700000000004,89.32126,64.20916,95.925,,6nM,1,21
6nM_220,31.0,5.46,102.79,0.37779120000000005,224.406,164.12326,459.14,,6nM,2,21
6nM_220,31.0,7.878,123.14,0.45670320000000003,367.1052,254.71862,380.81,,6nM,3,21
6nM_220,31.0,10.327,132.99,0.45996380000000003,384.7508,289.9194,379.4,,6nM,4,21
6nM_220,31.0,13.406,116.42,0.46473140000000007,506.1054,382.4218,352.7,,6nM,5,21
antiparallel_66,7.0,0.0,,0.105901,,,,2.0,antiparallel,0,0
antiparallel_66,7.0,2.465,,0.26900498,,,,2.0,antiparallel,1,0
antiparallel_66,7.0,4.93,,0.25637906,,,,2.0,antiparallel,2,0
antiparallel_66,7.0,7.379,,0.2226798,84.23308,23.48264,315.84,2.0,antiparallel,3,0
antiparallel_66,7.0,9.844,172.37,0.20990592,129.3143,53.99,249.36,2.0,antiparallel,4,0
antiparallel_66,7.0,12.277,104.03,0.26900498,164.47672,71.49312,311.07,2.0,antiparallel,5,0
antiparallel_70,7.0,0.0,,0.14327734,,,,2.0,antiparallel,0,1
antiparallel_70,7.0,6.053,122.23,0.000728155,44.4976,21.17556,189.48,2.0,antiparallel,1,1
antiparallel_70,7.0,8.549,170.45,0.12573586,36.15156,8.187612,153.93,2.0,antiparallel,2,1
antiparallel_70,7.0,10.998,196.58,0.12707846,80.95878,39.95024,265.18,2.0,antiparallel,3,1
antiparallel_70,7.0,13.463,135.54,0.15322902000000002,112.86608,55.51792,346.13,2.0,antiparallel,4,1
antiparallel_70,7.0,15.897,141.17,0.22928594000000002,157.23216,95.80962,277.24,2.0,antiparallel,5,1
antiparallel_70,7.0,18.361,108.32,0.23148342000000002,127.0127,67.31398,242.42,2.0,antiparallel,6,1
antiparallel_70,7.0,21.551,130.98,0.26649788,69.84534,41.11136,46.406,2.0,antiparallel,7,1
antiparallel_70,7.0,23.26,,0.29756400000000005,,,,2.0,antiparallel,8,1
antiparallel_75,8.0,0.0,,0.1932933,,,,2.0,antiparallel,0,2
antiparallel_75,8.0,2.465,,0.1932933,36.1543,24.75674,5.245,2.0,antiparallel,1,2
antiparallel_75,8.0,4.899,46.618,0.2729999,29.01112,-0.734576000000001,212.95,2.0,antiparallel,2,2
antiparallel_75,8.0,7.857,,0.2847134,,,,2.0,antiparallel,3,2
antiparallel_75,8.0,9.797,197.0,0.4007798000000001,176.38202,104.6252,312.51,2.0,antiparallel,4,2
antiparallel_75,8.0,12.307,87.809,0.39771100000000004,94.62042,48.0305,151.8,2.0,antiparallel,5,2
antiparallel_75,8.0,14.742,75.382,0.40549260000000004,124.97688,74.01566,118.45,2.0,antiparallel,6,2
antiparallel_75,8.0,17.176,69.745,0.4260426,95.2287,43.27012,1000.0,2.0,antiparallel,7,2
antiparallel_79,8.0,0.0,,0.13289,,,,2.0,antiparallel,0,3
antiparallel_79,8.0,3.118,68.493,0.13289,36.31048,26.87476,5.3005,2.0,antiparallel,1,3
antiparallel_79,8.0,6.068,114.11,0.1972389,85.9812,56.52978,89.843,2.0,antiparallel,2,3
antiparallel_79,8.0,7.894,187.34,0.26252214,98.19064,66.41864,64.637,2.0,antiparallel,3,3
antiparallel_79,8.0,10.343,117.68,0.34639080000000005,170.45266,92.898,335.31,2.0,antiparallel,4,3
antiparallel_79,8.0,12.808,97.18,0.39606700000000006,122.08892,63.07758,159.41,2.0,antiparallel,5,3
antiparallel_79,8.0,15.226,87.292,0.4278784,138.23574,70.33584,235.86,2.0,antiparallel,6,3
antiparallel_82,9.0,0.0,,0.25323902000000004,,,,2.0,antiparallel,0,4
antiparallel_82,9.0,2.449,,0.04280428000000001,59.0881,33.25348,84.536,2.0,antiparallel,1,4
antiparallel_82,9.0,4.883,186.13,0.25947526000000004,71.68388,51.10458,50.099,2.0,antiparallel,2,4
antiparallel_82,9.0,8.346,113.45,0.25460628,53.9506,26.7955,81.899,2.0,antiparallel,3,4
antiparallel_82,9.0,10.811,176.9,0.24512314000000002,90.02818,26.11598,323.43,2.0,antiparallel,4,4
antiparallel_82,9.0,13.198,125.57,0.23003396,121.23952,36.26942,301.71,2.0,antiparallel,5,4
antiparallel_82,9.0,15.647,127.99,0.24923040000000002,117.20076,43.9058,203.6,2.0,antiparallel,6,4
antiparallel_82,9.0,18.081,128.43,0.2768222,111.26866,66.7605,76.823,2.0,antiparallel,7,4
antiparallel_82,9.0,20.53,52.498,0.26324824,90.29944,43.7308,103.99,2.0,antiparallel,8,4
antiparallel_82,9.0,22.995,80.492,0.25526936,92.24758,34.4285,154.62,2.0,antiparallel,9,4
antiparallel_82,9.0,25.413,113.83,0.24103506000000002,85.64418,19.90376,243.24,2.0,antiparallel,10,4
antiparallel_82,9.0,,,0.22100292,,,,2.0,antiparallel,11,4
antiparallel_82,9.0,27.862,160.71,0.00778708,76.19118,16.94456,271.93,2.0,antiparallel,12,4
antiparallel_82,9.0,33.993,128.66,0.19274530000000004,19.904182,-9.716462,202.15,2.0,antiparallel,13,4
antiparallel_82,9.0,36.411,110.25,0.21957812000000002,56.63306,2.954942,245.78,2.0,antiparallel,14,4
antiparallel_82,9.0,38.891,71.012,0.22014804000000002,61.26092,-3.03141,468.52,2.0,antiparallel,15,4
antiparallel_82,9.0,41.387,145.22,0.23784844,161.2764,43.65408,417.4,2.0,antiparallel,16,4
antiparallel_82,9.0,43.821,79.314,0.25663114,182.5114,30.75416,986.66,2.0,antiparallel,17,4
antiparallel_82,9.0,46.873,66.052,0.25717914000000003,168.5511,29.39512,848.53,2.0,antiparallel,18,4
antiparallel_82,9.0,48.688,159.33,0.26054934,230.20384,66.3632,470.13,2.0,antiparallel,19,4
antiparallel_82,9.0,51.137,109.09,0.24738364000000004,197.05532,59.43374,370.4,2.0,antiparallel,20,4
antiparallel_82,9.0,53.602,114.21,0.25361166,143.27186,42.68412,259.84,2.0,antiparallel,21,4
antiparallel_82,9.0,56.036,85.958,0.2707257,140.90176,43.76094,269.68,2.0,antiparallel,22,4
antiparallel_82,9.0,59.015,109.25,0.292084,146.41738,78.41372,111.4,2.0,antiparallel,23,4
antiparallel_84,9.0,0.0,,0.051109220000000004,,,,2.0,antiparallel,0,5
antiparallel_84,9.0,2.69,,0.11193996000000002,25.902864,6.958796,168.83,2.0,antiparallel,1,5
antiparallel_84,9.0,4.914,159.09,0.26538544000000003,27.048458,0.553497999999999,395.01,2.0,antiparallel,2,5
antiparallel_84,9.0,7.363,160.34,0.2764934,101.04024,65.21832,126.55,2.0,antiparallel,3,5
antiparallel_84,9.0,9.812,90.414,0.29739960000000004,103.91998,62.47578,145.93,2.0,antiparallel,4,5
antiparallel_84,9.0,12.231,48.417,0.31175720000000007,103.99944,48.99498,316.74,2.0,antiparallel,5,5
antiparallel_84,9.0,14.68,73.172,0.309072,104.8735,54.39452,187.71,2.0,antiparallel,6,5
antiparallel_84,9.0,17.082,45.877,0.30657860000000003,132.42694,75.19112,278.2,2.0,antiparallel,7,5
antiparallel_84,9.0,20.2,66.138,0.27273686,179.2645,94.00432,428.45,2.0,antiparallel,8,5
antiparallel_84,9.0,23.15,203.5,0.292084,135.61356,76.5834,186.12,2.0,antiparallel,9,5
antiparallel_86,9.0,0.0,,0.21549552,,,,2.0,antiparallel,0,6
antiparallel_86,9.0,2.434,,0.22073714,61.80892,23.8224,319.93,2.0,antiparallel,1,6
antiparallel_86,9.0,4.883,170.53,0.22803376000000003,91.12144,53.94596,156.29,2.0,antiparallel,2,6
antiparallel_86,9.0,7.316,110.29,0.25848064000000004,79.66276,41.61596,181.76,2.0,antiparallel,3,6
antiparallel_86,9.0,9.959,189.59,0.23580440000000003,39.88892,5.06319,239.13,2.0,antiparallel,4,6
antiparallel_86,9.0,12.23,171.08,0.2786854,92.62296,70.10394,46.188,2.0,antiparallel,5,6
antiparallel_86,9.0,14.68,49.145,0.25274582,68.28354,40.88632,70.724,2.0,antiparallel,6,6
antiparallel_86,9.0,17.113,75.114,0.2234607,86.30452,42.88926,252.65,2.0,antiparallel,7,6
antiparallel_86,9.0,20.171,45.495,0.20057622000000003,128.51148,71.18286,772.57,2.0,antiparallel,8,6
antiparallel_86,9.0,22.605,,0.18884902,,,,2.0,antiparallel,9,6
antiparallel_86,9.0,25.069,210.52,0.20322032,127.821,67.36878,339.13,2.0,antiparallel,10,6
antiparallel_86,9.0,27.487,144.27,0.21068134000000002,115.30194,64.7603,177.89,2.0,antiparallel,11,6
antiparallel_86,9.0,29.937,64.672,0.23063402000000002,78.35578,24.82754,298.26,2.0,antiparallel,12,6
antiparallel_124,14.0,0.0,,0.21789028,,,,3.0,antiparallel,0,7
antiparallel_124,14.0,2.434,,0.21789028,63.62554,8.919192,558.06,3.0,antiparallel,1,7
antiparallel_124,14.0,4.883,184.6,0.22338398,93.3107,48.61412,119.07,3.0,antiparallel,2,7
antiparallel_124,14.0,7.348,184.77,0.25863682000000005,75.9802,43.88762,80.374,3.0,antiparallel,3,7
antiparallel_124,14.0,10.406,139.03,0.272493,51.35856,3.809656,329.26,3.0,antiparallel,4,7
antiparallel_124,14.0,12.855,223.02,0.25651332000000004,87.23338,18.10912,254.34,3.0,antiparallel,5,7
antiparallel_124,14.0,15.288,176.92,0.26245638,147.15992,73.52562,162.34,3.0,antiparallel,6,7
antiparallel_124,14.0,17.738,108.07,0.2763838,225.21978,78.51154,307.75,3.0,antiparallel,7,7
antiparallel_124,14.0,20.171,182.61,0.27827440000000003,141.40866,65.36776,156.23,3.0,antiparallel,8,7
antiparallel_124,14.0,22.62,129.51,0.26045344000000004,135.18612,67.91048,117.16,3.0,antiparallel,9,7
antiparallel_124,14.0,25.07,123.02,0.25955472,139.05774,60.9591,134.53,3.0,antiparallel,10,7
antiparallel_124,14.0,27.519,137.51,0.3104968,126.92228,64.10462,103.19,3.0,antiparallel,11,7
antiparallel_124,14.0,30.447,83.768,0.31921000000000005,171.26918,83.45998,158.47,3.0,antiparallel,12,7
antiparallel_124,14.0,32.402,102.23,0.3504734,186.03778,81.90092,192.39,3.0,antiparallel,13,7
antiparallel_124,14.0,35.366,83.872,0.3758458,314.6342,166.50116,236.59,3.0,antiparallel,14,7
antiparallel_124,14.0,37.846,77.302,0.3560630000000001,290.9332,161.48148,198.82,3.0,antiparallel,15,7
antiparallel_124,14.0,40.311,25.377,0.3369378,212.59934,86.52056,208.94,3.0,antiparallel,16,7
antiparallel_124,14.0,42.76,74.19,0.27884980000000004,153.68934,36.79778,309.1,3.0,antiparallel,17,7
antiparallel_124,14.0,45.225,174.89,0.24897010000000003,104.81322,17.48626,305.49,3.0,antiparallel,18,7
antiparallel_128,14.0,0.0,,0.20520408,,,,3.0,antiparallel,0,8
antiparallel_128,14.0,2.45,,0.21277744,76.4734,43.49306,181.13,3.0,antiparallel,1,8
antiparallel_128,14.0,4.899,228.96,0.16628238,149.20396,96.27094,381.81,3.0,antiparallel,2,8
antiparallel_128,14.0,7.379,220.14,0.18621862,167.37838,126.00816,170.39,3.0,antiparallel,3,8
antiparallel_128,14.0,9.828,146.54,0.24799192000000003,188.25718,140.27974,152.09,3.0,antiparallel,4,8
antiparallel_128,14.0,12.808,134.08,0.25195122,142.04708,88.4641,171.89,3.0,antiparallel,5,8
antiparallel_128,14.0,15.257,,0.23480156000000005,,,,3.0,antiparallel,6,8
antiparallel_128,14.0,17.722,171.55,0.23243694000000004,67.83966,25.85148,196.4,3.0,antiparallel,7,8
antiparallel_133,15.0,0.0,,0.20494926000000002,,,,3.0,antiparallel,0,9
antiparallel_133,15.0,1.597,,0.18427596,36.49954,12.67217,97.042,3.0,antiparallel,1,9
antiparallel_133,15.0,5.731,220.85,0.17365024,20.380668,0.586852,87.942,3.0,antiparallel,2,9
antiparallel_133,15.0,9.02,186.42,0.17862882000000002,35.20352,19.91154,11.321,3.0,antiparallel,3,9
antiparallel_133,15.0,10.614,264.48,0.14609406,80.89302,7.675796,794.45,3.0,antiparallel,4,9
antiparallel_133,15.0,13.047,341.6,0.14703114,34.49112,-18.06653282,5.0502,3.0,antiparallel,5,9
antiparallel_133,15.0,15.528,298.22,0.18772836000000004,79.07366,6.515358,449.17,3.0,antiparallel,6,9
antiparallel_133,15.0,17.946,247.4,0.17441744000000003,109.26298,19.93034,344.63,3.0,antiparallel,7,9
antiparallel_133,15.0,20.395,147.59,0.19289052,92.4339,26.35016,188.46,3.0,antiparallel,8,9
antiparallel_133,15.0,22.844,155.98,0.19057796000000002,90.71318,37.91296,118.22,3.0,antiparallel,9,9
antiparallel_135,15.0,0.0,,0.11923932000000001,,,,3.0,antiparallel,0,10
antiparallel_135,15.0,2.48,,0.08828828000000001,7.362106,-3.09516,5.0486,3.0,antiparallel,1,10
antiparallel_135,15.0,4.929,229.71,0.11573486000000001,24.276674,0.277505999999999,169.28,3.0,antiparallel,2,10
antiparallel_135,15.0,7.379,274.77,0.09478756,34.93774,4.335172,274.68,3.0,antiparallel,3,10
antiparallel_135,15.0,9.828,188.07,0.10228694000000002,23.285068,-8.530756,1000.0,3.0,antiparallel,4,10
antiparallel_135,15.0,12.823,276.18,0.12544268000000003,30.60306,-4.349564,170.21,3.0,antiparallel,5,10
antiparallel_135,15.0,15.9,253.2,0.10984386,67.6506,14.33066,279.27,3.0,antiparallel,6,10
antiparallel_135,15.0,17.768,292.16,0.14454870000000003,56.54538,13.6119,118.83,3.0,antiparallel,7,10
antiparallel_135,15.0,20.217,150.25,0.13898924000000001,88.19512,8.2278,423.64,3.0,antiparallel,8,10
antiparallel_135,15.0,22.667,259.59,0.14470488,54.89864,14.79558,99.265,3.0,antiparallel,9,10
antiparallel_135,15.0,25.116,135.24,0.15867340000000002,74.36908,22.37442,134.83,3.0,antiparallel,10,10
antiparallel_135,15.0,27.581,137.48,0.161386,91.97632,40.5461,124.84,3.0,antiparallel,11,10
antiparallel_135,15.0,30.014,88.774,0.17518190000000003,94.97114,46.19598,105.15,3.0,antiparallel,12,10
antiparallel_135,15.0,,,0.00335102,,,,3.0,antiparallel,13,10
antiparallel_135,15.0,32.463,53.812,0.16818394,92.06948,42.46958,108.52,3.0,antiparallel,14,10
antiparallel_135,15.0,38.594,87.963,0.17862608000000002,134.3559,50.33338,232.63,3.0,antiparallel,15,10
antiparallel_135,15.0,41.075,119.84,0.22949418000000002,156.43756,23.56906,646.98,3.0,antiparallel,16,10
antiparallel_135,15.0,43.524,197.91,0.24143236,192.33704,99.89724,197.65,3.0,antiparallel,17,10
antiparallel_135,15.0,45.973,116.3,0.22889412000000003,183.78276,111.59156,130.9,3.0,antiparallel,18,10
antiparallel_135,15.0,48.422,92.257,0.18286212000000002,145.66388,72.94112,176.27,3.0,antiparallel,19,10
antiparallel_135,15.0,50.871,102.49,0.16340538000000002,145.7817,52.31166,300.01,3.0,antiparallel,20,10
antiparallel_135,15.0,54.07,,0.16760032000000002,,,,3.0,antiparallel,21,10
antiparallel_135,15.0,55.754,,0.16541928000000003,,,,3.0,antiparallel,22,10
antiparallel_135,15.0,58.219,160.01,0.22357578000000003,87.3923,36.47446,103.07,3.0,antiparallel,23,10
antiparallel_135,15.0,60.637,47.458,0.22968872,66.22854,2.539834,277.61,3.0,antiparallel,24,10
antiparallel_135,15.0,63.617,58.265,0.23879100000000003,72.71412,-7.817366,627.04,3.0,antiparallel,25,10
antiparallel_135,15.0,66.05,247.97,0.26048084,87.6526,15.85596,255.84,3.0,antiparallel,26,10
antiparallel_135,15.0,68.546,93.176,0.22309902,197.40056,47.40706,528.82,3.0,antiparallel,27,10
antiparallel_135,15.0,70.995,61.703,0.2067056,162.36144,38.53768,563.17,3.0,antiparallel,28,10
antiparallel_135,15.0,73.476,119.46,0.19671282,192.23566,64.67454,332.2,3.0,antiparallel,29,10
antiparallel_135,15.0,75.956,142.12,0.18335806000000004,156.06492,80.70354,178.01,3.0,antiparallel,30,10
antiparallel_135,15.0,78.421,46.823,0.17711634,153.40164,62.57022,281.79,3.0,antiparallel,31,10
antiparallel_140,16.0,0.0,,0.09221196000000001,,,,3.0,antiparallel,0,11
antiparallel_140,16.0,2.496,,0.1368356,,,,3.0,antiparallel,1,11
antiparallel_140,16.0,4.977,,0.06859864,22.198932,-0.970838000000001,103.64,3.0,antiparallel,2,11
antiparallel_140,16.0,7.925,119.15,0.013768500000000001,38.0723,6.290452,127.25,3.0,antiparallel,3,11
antiparallel_140,16.0,10.374,67.568,0.20095982000000004,29.02208,13.040168,4.8548,3.0,antiparallel,4,11
antiparallel_140,16.0,12.959,,0.19691832,,,,3.0,antiparallel,5,11
antiparallel_140,16.0,15.273,212.16,0.16303274,19.007928,0.60052,4.9696,3.0,antiparallel,6,11
antiparallel_140,16.0,17.753,42.227,0.17582580000000003,8.183832,-22.3434486,800.44,3.0,antiparallel,7,11
antiparallel_140,16.0,20.202,165.35,0.18877778,1.7288852,-23.1999999998108,929.27,3.0,antiparallel,8,11
antiparallel_140,16.0,22.636,135.92,0.18597202000000002,9.18859e-12,-23.1999999999999,977.05,3.0,antiparallel,9,11
antiparallel_140,16.0,25.054,154.34,0.17444210000000002,15.762946,-16.006678,85.376,3.0,antiparallel,10,11
antiparallel_140,16.0,27.488,110.87,0.18128114,43.98796,-0.122897999999999,134.51,3.0,antiparallel,11,11
antiparallel_140,16.0,29.937,87.732,0.184539,47.13622,4.76718,118.54,3.0,antiparallel,12,11
antiparallel_140,16.0,32.979,97.809,0.17815754,84.45228,10.28006,386.18,3.0,antiparallel,13,11
antiparallel_140,16.0,35.444,170.73,0.17663136,133.70926,44.5328,257.19,3.0,antiparallel,14,11
antiparallel_140,16.0,38.649,91.976,0.17633544,121.94096,35.06884,247.55,3.0,antiparallel,15,11
antiparallel_140,16.0,40.295,178.17,0.20373544000000002,82.68498,9.43888,324.98,3.0,antiparallel,16,11
antiparallel_140,16.0,42.745,122.76,0.21626272000000002,97.08916,26.2844,211.43,3.0,antiparallel,17,11
antiparallel_140,16.0,45.178,27.687,0.21804646,61.7733,-7.803118,1000.0,3.0,antiparallel,18,11
antiparallel_140,16.0,47.612,242.85,0.18091124000000003,131.14188,60.34534,5.3915,3.0,antiparallel,19,11
antiparallel_140,16.0,50.061,-36.964,0.18091124000000003,142.8636,33.06042,365.82,3.0,antiparallel,20,11
antiparallel_140,16.0,52.463,109.5,0.1962525,185.3336,92.44444,207.7,3.0,antiparallel,21,11
antiparallel_142,16.0,0.0,,0.13044318,,,,3.0,antiparallel,0,12
antiparallel_142,16.0,2.465,,0.13974,45.41276,20.2058,219.36,3.0,antiparallel,1,12
antiparallel_142,16.0,5.475,126.99,0.13420246000000002,64.54892,33.15778,158.85,3.0,antiparallel,2,12
antiparallel_142,16.0,7.94,101.72,0.18611176000000001,51.4024,19.37176,232.48,3.0,antiparallel,3,12
antiparallel_142,16.0,10.421,120.4,0.16829628,37.96544,6.315934,278.33,3.0,antiparallel,4,12
antiparallel_142,16.0,12.854,260.7,0.15295228,67.08068,19.98054,412.26,3.0,antiparallel,5,12
antiparallel_142,16.0,15.303,86.31,0.23405354,101.53344,55.45806,182.97,3.0,antiparallel,6,12
antiparallel_144,16.0,0.0,,0.004470036,,,,3.0,antiparallel,0,13
antiparallel_144,16.0,6.099,,0.13432576000000002,37.83392,7.296838,213.04,3.0,antiparallel,1,13
antiparallel_144,16.0,8.595,132.94,0.11442514000000001,55.51514,10.872554,308.67,3.0,antiparallel,2,13
antiparallel_144,16.0,11.06,38.119,0.13494774,133.56404,24.56406,983.0,3.0,antiparallel,3,13
antiparallel_144,16.0,13.494,43.344,0.13984960000000002,88.86642,19.49282,326.02,3.0,antiparallel,4,13
antiparallel_144,16.0,15.943,139.65,0.13984960000000002,99.6812,41.88958,187.1,3.0,antiparallel,5,13
antiparallel_144,16.0,18.376,205.15,0.14720924000000002,53.26834,11.8035,100.99,3.0,antiparallel,6,13
antiparallel_144,16.0,20.857,122.08,0.18373618000000003,53.1834,8.27164,126.93,3.0,antiparallel,7,13
antiparallel_144,16.0,23.306,120.21,0.16767704000000003,86.24698,19.43166,234.57,3.0,antiparallel,8,13
antiparallel_144,16.0,25.755,52.9,0.17442565999999998,127.41822,18.97408,502.55,3.0,antiparallel,9,13
antiparallel_144,16.0,28.182,98.798,0.20124204,150.82604,41.20096,339.94,3.0,antiparallel,10,13
antiparallel_157,19.0,0.0,,0.20146123999999999,,,,3.0,antiparallel,0,14
antiparallel_157,19.0,2.465,,0.17206104000000003,105.16942,70.567,136.12,3.0,antiparallel,1,14
antiparallel_157,19.0,4.899,128.04,0.20554658,97.40426,84.09438,5.2983,3.0,antiparallel,2,14
antiparallel_157,19.0,7.364,160.4,0.21823004000000001,94.09982,74.55096,34.907,3.0,antiparallel,3,14
antiparallel_157,19.0,9.844,83.845,0.23628664,75.213,34.35134,217.74,3.0,antiparallel,4,14
antiparallel_157,19.0,12.309,137.19,0.25083878000000004,104.34194,76.00482,49.856,3.0,antiparallel,5,14
antiparallel_157,19.0,14.758,141.42,0.25378154,120.12434,72.58306,121.03,3.0,antiparallel,6,14
antiparallel_157,19.0,17.176,125.21,0.26035206000000005,163.441,105.3014,167.26,3.0,antiparallel,7,14
antiparallel_157,19.0,20.327,53.626,0.30005740000000003,155.31142,87.82206,567.43,3.0,antiparallel,8,14
antiparallel_157,19.0,23.728,256.5,0.26304000000000005,74.83214,26.09808,151.92,3.0,antiparallel,9,14
antiparallel_157,19.0,26.208,124.04,0.17755474000000002,87.41696,30.6958,239.26,3.0,antiparallel,10,14
antiparallel_157,19.0,28.658,173.09,0.19220826000000002,83.46588,44.44786,77.116,3.0,antiparallel,11,14
antiparallel_157,19.0,31.154,139.37,0.19273982000000003,69.4316,36.33198,47.167,3.0,antiparallel,12,14
antiparallel_157,19.0,33.947,,0.1867173,,,,3.0,antiparallel,13,14
antiparallel_157,19.0,36.036,,0.17814110000000002,,,,3.0,antiparallel,14,14
antiparallel_160,20.0,0.0,,0.12358222,,,,3.0,antiparallel,0,15
antiparallel_160,20.0,2.917,,0.12278762,20.338746,2.390868,106.04,3.0,antiparallel,1,15
antiparallel_160,20.0,5.382,76.359,0.12663184000000002,27.97266,-1.203464,429.24,3.0,antiparallel,2,15
antiparallel_160,20.0,8.157,174.28,0.12502346000000003,59.2936,7.305622,401.77,3.0,antiparallel,3,15
antiparallel_160,20.0,10.249,241.43,0.12216564,43.59614,5.187054,259.07,3.0,antiparallel,4,15
antiparallel_160,20.0,12.729,195.14,0.14218134000000002,53.3752,11.93864,160.69,3.0,antiparallel,5,15
antiparallel_160,20.0,15.163,95.842,0.1470284,54.09034,9.5658,207.27,3.0,antiparallel,6,15
antiparallel_160,20.0,17.643,108.7,0.15534156000000002,45.54976,-9.202984,406.81,3.0,antiparallel,7,15
antiparallel_160,20.0,20.093,200.08,0.16909362,46.9773,-1.064088,168.82,3.0,antiparallel,8,15
antiparallel_160,20.0,,,0.014358148000000003,,,,3.0,antiparallel,9,15
antiparallel_160,20.0,22.526,135.17,0.18943264,63.34606,2.294878,303.47,3.0,antiparallel,10,15
antiparallel_160,20.0,28.626,197.16,0.25836282000000005,101.9828,6.57558,476.18,3.0,antiparallel,11,15
antiparallel_160,20.0,31.059,57.239,0.2859464,67.56566,-7.17374,1000.0,3.0,antiparallel,12,15
antiparallel_160,20.0,33.509,89.466,0.31112700000000004,119.1215,21.5031,357.65,3.0,antiparallel,13,15
antiparallel_160,20.0,35.958,65.331,0.3168262,135.19982,32.34528,302.02,3.0,antiparallel,14,15
antiparallel_160,20.0,38.407,74.533,0.29652280000000003,126.9168,32.3124,270.74,3.0,antiparallel,15,15
antiparallel_160,20.0,41.727,41.295,0.274,94.95196,8.74018,372.22,3.0,antiparallel,16,15
antiparallel_160,20.0,43.321,202.8,0.25108812,72.76618,15.39564,154.05,3.0,antiparallel,17,15
antiparallel_160,20.0,45.867,81.863,0.25667772,64.59002,11.57882,124.68,3.0,antiparallel,18,15
antiparallel_160,20.0,48.251,20.287,0.25667772,48.13084,-0.20318,121.6,3.0,antiparallel,19,15
antiparallel_160,20.0,50.684,54.977,0.26465112,57.94552,-0.0900180000000006,175.19,3.0,antiparallel,20,15
antiparallel_160,20.0,53.664,54.871,0.26190564000000005,63.90776,-4.672942,228.88,3.0,antiparallel,21,15
antiparallel_160,20.0,56.129,92.56,0.26718014,43.0591,-7.337866,156.15,3.0,antiparallel,22,15
antiparallel_162,20.0,0.0,,0.11139196000000001,,,,4.0,antiparallel,0,16
antiparallel_162,20.0,2.863,,0.10755596,18.654742,-3.701796,297.97,4.0,antiparallel,1,16
antiparallel_162,20.0,4.914,80.643,0.10755596,23.438234,-2.90199,259.99,4.0,antiparallel,2,16
antiparallel_162,20.0,7.395,172.94,0.10755596,39.47792,3.131216,344.9,4.0,antiparallel,3,16
antiparallel_162,20.0,9.859,191.16,0.1190393,25.948896,-7.91727,900.27,4.0,antiparallel,4,16
antiparallel_162,20.0,13.291,222.94,0.1242864,58.49352,-2.573222,1000.0,4.0,antiparallel,5,16
antiparallel_162,20.0,15.756,132.98,0.12116828,51.82436,1.449646,334.57,4.0,antiparallel,6,16
antiparallel_162,20.0,18.205,89.48,0.12993354000000001,64.64482,-4.911596,691.17,4.0,antiparallel,7,16
antiparallel_162,20.0,20.655,137.92,0.1583583,82.56716,0.0184859999999993,787.47,4.0,antiparallel,8,16
antiparallel_162,20.0,23.104,329.86,0.15284816,77.1721,13.28858,227.69,4.0,antiparallel,9,16
antiparallel_162,20.0,25.553,163.44,0.18292514,11.695964,-11.660764,5.0169,4.0,antiparallel,10,16
antiparallel_162,20.0,27.987,290.29,0.1684141,6.969464e-10,-23.1999999996549,999.61,4.0,antiparallel,11,16
antiparallel_162,20.0,30.733,175.62,0.20550548000000002,84.64956,9.09638,315.07,4.0,antiparallel,12,16
antiparallel_162,20.0,32.885,,0.25809704,,,,4.0,antiparallel,13,16
antiparallel_162,20.0,35.35,171.29,0.22432380000000002,73.52516,4.87678,274.59,4.0,antiparallel,14,16
antiparallel_162,20.0,38.329,99.824,0.19239732,45.073,-7.015094,272.62,4.0,antiparallel,15,16
antiparallel_162,20.0,40.779,,0.21875886,,,,4.0,antiparallel,16,16
antiparallel_165,21.0,0.0,,0.2754522,,,,4.0,antiparallel,0,17
antiparallel_165,21.0,2.45,,0.25656538,42.73304,22.40602,58.039,4.0,antiparallel,1,17
antiparallel_165,21.0,4.883,100.02,0.30635940000000006,70.54404,15.648084,295.32,4.0,antiparallel,2,17
antiparallel_165,21.0,7.332,111.08,0.29772840000000006,95.87534,37.71714,202.51,4.0,antiparallel,3,17
antiparallel_165,21.0,9.797,110.67,0.22733506000000003,135.12858,55.6521,250.01,4.0,antiparallel,4,17
antiparallel_165,21.0,12.839,105.3,0.17272686,68.12462,8.555836,317.04,4.0,antiparallel,5,17
antiparallel_165,21.0,15.257,218.79,0.20125848000000002,63.7187,21.49576,121.16,4.0,antiparallel,6,17
antiparallel_165,21.0,17.706,91.977,0.19775676000000003,109.59178,40.5598,199.07,4.0,antiparallel,7,17
antiparallel_165,21.0,20.156,95.061,0.18231686000000003,113.30448,47.02346,176.22,4.0,antiparallel,8,17
antiparallel_165,21.0,23.012,49.745,0.17452156000000002,107.3669,26.41866,288.23,4.0,antiparallel,9,17
antiparallel_165,21.0,25.07,73.939,0.20804272000000001,107.63542,1.79839,771.13,4.0,antiparallel,10,17
antiparallel_165,21.0,27.534,174.49,0.20486432000000002,137.59732,18.52198,645.55,4.0,antiparallel,11,17
antiparallel_167,21.0,0.0,,0.26656638,,,,4.0,antiparallel,0,18
antiparallel_167,21.0,2.449,,0.137137,38.42576,15.16283,515.33,4.0,antiparallel,1,18
antiparallel_167,21.0,4.898,226.12,0.137137,65.74904,29.09984,207.71,4.0,antiparallel,2,18
antiparallel_167,21.0,7.348,191.2,0.19424408,78.05986,49.60052,85.463,4.0,antiparallel,3,18
antiparallel_167,21.0,9.844,70.15,0.23089980000000002,51.45446,11.72579,159.5,4.0,antiparallel,4,18
antiparallel_167,21.0,12.854,117.57,0.27517820000000004,149.46974,75.84914,782.26,4.0,antiparallel,5,18
antiparallel_167,21.0,15.288,126.0,0.31562060000000003,141.23604,73.02146,310.35,4.0,antiparallel,6,18
antiparallel_167,21.0,17.737,173.1,0.24267358000000003,93.94638,34.77566,243.37,4.0,antiparallel,7,18
antiparallel_167,21.0,20.537,112.39,0.20968672000000002,42.48644,-5.568374,354.61,4.0,antiparallel,8,18
antiparallel_167,21.0,22.636,383.53,0.2065275,127.57714,60.0823,327.53,4.0,antiparallel,9,18
antiparallel_167,21.0,25.132,77.854,0.21620518000000002,133.0681,72.57396,192.5,4.0,antiparallel,10,18
antiparallel_167,21.0,27.612,56.196,0.22002748000000003,126.60444,67.09122,168.06,4.0,antiparallel,11,18
antiparallel_167,21.0,30.061,98.076,0.24276674,103.41034,45.02052,187.24,4.0,antiparallel,12,18
antiparallel_167,21.0,32.51,108.49,0.28085,98.68658,37.5184,345.36,4.0,antiparallel,13,18
antiparallel_167,21.0,34.944,73.878,0.28126100000000004,107.8875,46.82892,231.05,4.0,antiparallel,14,18
antiparallel_167,21.0,37.924,92.448,0.26420998,115.81706,57.1231,195.04,4.0,antiparallel,15,18
antiparallel_167,21.0,40.357,109.91,0.24983046,105.70098,51.6979,157.49,4.0,antiparallel,16,18
antiparallel_167,21.0,42.807,33.333,0.23593044000000002,85.98942,34.04682,732.52,4.0,antiparallel,17,18
antiparallel_167,21.0,45.271,,0.23964314,,,,4.0,antiparallel,18,18
antiparallel_167,21.0,47.705,,0.25749698000000004,,,,4.0,antiparallel,19,18
antiparallel_170,22.0,0.0,,0.14966702,,,,4.0,antiparallel,0,19
antiparallel_170,22.0,2.449,,0.14966702,52.01068,23.55956,308.93,4.0,antiparallel,1,19
antiparallel_170,22.0,4.914,55.96,0.15958308000000002,49.46248,16.776416,291.3,4.0,antiparallel,2,19
antiparallel_170,22.0,8.02,103.79,0.16295328,41.60964,13.427056,206.37,4.0,antiparallel,3,19
antiparallel_170,22.0,11.13,173.13,0.19912950000000001,17.234326,-4.780244,5.0172,4.0,antiparallel,4,19
antiparallel_170,22.0,12.807,42.625,0.18774754000000002,53.87936,9.99872,294.93,4.0,antiparallel,5,19
antiparallel_170,22.0,15.272,67.655,0.20687,49.41316,8.76435,423.01,4.0,antiparallel,6,19
antiparallel_170,22.0,17.721,180.7,0.22211536,104.52278,61.48244,882.0,4.0,antiparallel,7,19
antiparallel_170,22.0,20.17,50.371,0.225228,87.35394,30.92048,328.46,4.0,antiparallel,8,19
antiparallel_170,22.0,22.604,94.079,0.22211536,89.15138,43.40666,814.77,4.0,antiparallel,9,19
antiparallel_170,22.0,25.038,79.392,0.23145876,87.71288,45.45344,1000.0,4.0,antiparallel,10,19
antiparallel_170,22.0,27.487,116.14,0.20468074000000003,58.53736,10.00606,310.28,4.0,antiparallel,11,19
antiparallel_170,22.0,,,0.0,,,,4.0,antiparallel,12,19
antiparallel_170,22.0,29.92,91.219,0.19943364000000002,75.3911,17.82054,526.78,4.0,antiparallel,13,19
antiparallel_170,22.0,36.55,104.54,0.22312094000000002,39.94098,3.357176,1000.0,4.0,antiparallel,14,19
antiparallel_172,22.0,0.0,,0.18478834000000002,,,,4.0,antiparallel,0,20
antiparallel_172,22.0,2.79,,0.193855,45.91418,12.657922,153.82,4.0,antiparallel,1,20
antiparallel_172,22.0,5.078,49.193,0.19431257999999998,40.4561,-1.198532,924.77,4.0,antiparallel,2,20
antiparallel_172,22.0,7.542,153.78,0.16826614,51.68462,-1.605406,1000.0,4.0,antiparallel,3,20
antiparallel_172,22.0,10.007,174.65,0.16852918,92.34622,25.60252,312.73,4.0,antiparallel,4,20
antiparallel_172,22.0,12.488,66.587,0.18478834000000002,54.9507,5.15116,382.38,4.0,antiparallel,5,20
antiparallel_174,22.0,0.0,,0.17565044,,,,4.0,antiparallel,0,21
antiparallel_174,22.0,2.433,,0.06163082,,,,4.0,antiparallel,1,21
antiparallel_174,22.0,,,0.0,,,,4.0,antiparallel,2,21
antiparallel_174,22.0,4.883,,0.15090002,,,,4.0,antiparallel,3,21
antiparallel_174,22.0,10.998,,0.15090002,,,,4.0,antiparallel,4,21
antiparallel_174,22.0,13.483,,0.12959104,20.723442,1.460332,5.319,4.0,antiparallel,5,21
antiparallel_174,22.0,15.896,80.881,0.17366120000000002,49.58304,6.8395,183.47,4.0,antiparallel,6,21
antiparallel_174,22.0,18.345,48.978,0.17321184,24.104602,-14.794502,322.33,4.0,antiparallel,7,21
antiparallel_174,22.0,20.795,271.7,0.16148738,53.4848,16.71358,11.116,4.0,antiparallel,8,21
antiparallel_174,22.0,23.244,81.245,0.16949092000000002,77.96122,-1.819232,468.65,4.0,antiparallel,9,21
antiparallel_174,22.0,25.693,131.99,0.19198084,87.97592,7.56746,387.72,4.0,antiparallel,10,21
antiparallel_174,22.0,28.158,167.43,0.22220304000000002,106.88192,11.71034,445.21,4.0,antiparallel,11,21
antiparallel_174,22.0,30.623,152.46,0.22589930000000003,97.8728,14.44212,312.4,4.0,antiparallel,12,21
antiparallel_174,22.0,33.056,49.06,0.22476220000000002,79.38054,-5.104492,894.69,4.0,antiparallel,13,21
antiparallel_174,22.0,36.051,179.65,0.18509522000000003,98.1468,10.6664,490.48,4.0,antiparallel,14,21
antiparallel_174,22.0,38.863,6.3783,0.1986911,85.92914,-3.029764,1000.0,4.0,antiparallel,15,21
antiparallel_174,22.0,40.934,90.057,0.19173972,121.08334,9.98962,737.86,4.0,antiparallel,16,21
antiparallel_174,22.0,43.383,140.53,0.18138526,129.00194,18.00412,505.1,4.0,antiparallel,17,21
antiparallel_177,23.0,0.0,,0.09021998,,,,4.0,antiparallel,0,22
antiparallel_177,23.0,2.443,,0.0651846,,,,4.0,antiparallel,1,22
antiparallel_177,23.0,4.867,,0.08075876000000001,4.212202,-10.3999999999731,899.72,4.0,antiparallel,2,22
antiparallel_177,23.0,,,0.03440892,,,,4.0,antiparallel,3,22
antiparallel_177,23.0,7.316,82.05,0.000476075,14.776546,-0.0269080000000006,77.293,4.0,antiparallel,4,22
antiparallel_177,23.0,14.009,125.82,0.03440892,17.918504,-12.410096,200.39,4.0,antiparallel,5,22
antiparallel_177,23.0,16.843,171.93,0.11344148000000001,76.34188,7.817406,428.29,4.0,antiparallel,6,22
antiparallel_177,23.0,18.954,117.85,0.13223514,60.05532,6.55914,230.21,4.0,antiparallel,7,22
antiparallel_177,23.0,21.419,128.97,0.13266806,54.82192,-5.969236,581.03,4.0,antiparallel,8,22
antiparallel_177,23.0,23.868,192.49,0.12767852000000002,100.24838,16.26696,444.59,4.0,antiparallel,9,22
antiparallel_177,23.0,26.286,140.41,0.13218582,74.68418,22.12508,163.27,4.0,antiparallel,10,22
antiparallel_177,23.0,28.735,77.187,0.14528302,70.75776,-0.189205999999999,443.34,4.0,antiparallel,11,22
antiparallel_177,23.0,31.184,157.01,0.15250566000000002,51.649,-2.768916,228.03,4.0,antiparallel,12,22
antiparallel_177,23.0,33.634,156.17,0.16204908,45.83198,-2.619038,205.97,4.0,antiparallel,13,22
antiparallel_177,23.0,36.13,124.35,0.15003144000000002,54.07938,4.71512,188.03,4.0,antiparallel,14,22
antiparallel_177,23.0,39.14,148.0,0.14888064,88.79244,19.81252,249.51,4.0,antiparallel,15,22
antiparallel_177,23.0,41.574,134.86,0.15859668000000002,94.85606,42.26408,110.99,4.0,antiparallel,16,22
antiparallel_177,23.0,44.023,74.604,0.1914301,80.91494,18.13838,187.06,4.0,antiparallel,17,22
antiparallel_177,23.0,46.823,84.734,0.24097478,101.13614,20.96606,286.45,4.0,antiparallel,18,22
antiparallel_177,23.0,48.922,108.2,0.24115014000000004,73.4457,12.77346,186.87,4.0,antiparallel,19,22
antiparallel_177,23.0,51.418,123.1,0.20924284,55.97546,14.78736,94.675,4.0,antiparallel,20,22
antiparallel_177,23.0,53.898,95.761,0.17400096000000004,52.96146,10.92944,113.03,4.0,antiparallel,21,22
antiparallel_177,23.0,56.347,71.506,0.1709212,43.64546,8.05244,71.959,4.0,antiparallel,22,22
antiparallel_177,23.0,58.796,54.325,0.16966354,54.21364,1.234498,224.9,4.0,antiparallel,23,22
antiparallel_177,23.0,61.23,80.657,0.15274404,68.73016,8.89636,253.88,4.0,antiparallel,24,22
antiparallel_177,23.0,64.21,,0.13690410000000003,,,,4.0,antiparallel,25,22
antiparallel_182,24.0,0.0,,0.0398396,,,,4.0,antiparallel,0,23
antiparallel_182,24.0,3.167,153.99,0.23286164000000004,38.13532,17.3699,58.42,4.0,antiparallel,1,23
antiparallel_182,24.0,4.898,63.466,0.23286164000000004,76.78028,44.17806,122.42,4.0,antiparallel,2,23
antiparallel_182,24.0,7.348,126.04,0.21203216,70.72762,45.10144,80.659,4.0,antiparallel,3,23
antiparallel_182,24.0,9.797,118.88,0.21935618000000004,97.02888,56.52616,140.01,4.0,antiparallel,4,23
antiparallel_182,24.0,12.714,,0.21551744000000003,,,,4.0,antiparallel,5,23
antiparallel_182,24.0,15.163,123.59,0.24093642,82.1589,46.42702,1000.0,4.0,antiparallel,6,23
antiparallel_182,24.0,17.628,244.77,0.2938924,118.70228,53.4652,238.43,4.0,antiparallel,7,23
antiparallel_185,25.0,0.0,,0.13626842,,,,4.0,antiparallel,0,24
antiparallel_185,25.0,2.48,,0.1997186,55.67406,15.077342,246.3,4.0,antiparallel,1,24
antiparallel_185,25.0,4.961,96.458,0.18304296000000003,85.99764,21.81692,375.43,4.0,antiparallel,2,24
antiparallel_185,25.0,7.41,154.92,0.18030844000000001,71.41262,21.35112,235.0,4.0,antiparallel,3,24
antiparallel_185,25.0,9.859,137.92,0.17905626000000002,64.05024,4.275456,606.06,4.0,antiparallel,4,24
antiparallel_185,25.0,12.293,129.87,0.1978143,60.66634,7.613324,373.3,4.0,antiparallel,5,24
antiparallel_185,25.0,14.742,230.29,0.19961174,119.79006,23.16442,394.85,4.0,antiparallel,6,24
antiparallel_185,25.0,17.737,34.961,0.25512688,199.8967,51.1499,405.72,4.0,antiparallel,7,24
antiparallel_185,25.0,20.218,61.934,0.25620644000000004,169.9759,37.83076,416.84,4.0,antiparallel,8,24
antiparallel_185,25.0,23.36,115.95,0.25585298,123.79594,13.18446,618.31,4.0,antiparallel,9,24
antiparallel_185,25.0,25.132,171.53,0.23345074000000002,172.0035,28.10924,652.76,4.0,antiparallel,10,24
antiparallel_185,25.0,27.55,180.47,0.22983394000000001,159.73104,32.75628,392.1,4.0,antiparallel,11,24
antiparallel_185,25.0,30.014,117.58,0.25483644000000005,162.77244,33.72624,397.73,4.0,antiparallel,12,24
antiparallel_185,25.0,32.448,96.6,0.2935088,171.7843,46.66726,355.1,4.0,antiparallel,13,24
antiparallel_185,25.0,34.897,123.96,0.2989888,174.61198,78.44304,183.91,4.0,antiparallel,14,24
antiparallel_185,25.0,37.362,64.932,0.31507260000000004,159.66528,40.22826,354.0,4.0,antiparallel,15,24
antiparallel_185,25.0,39.811,107.52,0.32271720000000004,147.27226,40.00632,274.14,4.0,antiparallel,16,24
antiparallel_185,25.0,43.51,72.697,0.32356660000000004,141.12918,28.87918,323.83,4.0,antiparallel,17,24
antiparallel_185,25.0,45.115,127.08,0.3480896,163.05192,26.72006,491.82,4.0,antiparallel,18,24
antiparallel_185,25.0,47.65,117.49,0.34554140000000005,145.89404,26.2159,406.17,4.0,antiparallel,19,24
antiparallel_185,25.0,50.029,99.567,0.30970220000000004,87.55944,5.8714,394.67,4.0,antiparallel,20,24
antiparallel_185,25.0,52.478,38.169,0.27027634000000006,96.64802,1.282996,836.42,4.0,antiparallel,21,24
antiparallel_185,25.0,54.928,99.827,0.27027634000000006,90.23642,33.01658,128.67,4.0,antiparallel,22,24
antiparallel_185,25.0,57.361,36.089,0.23616882000000003,115.04986,29.38608,280.58,4.0,antiparallel,23,24
antiparallel_185,25.0,59.826,45.467,0.2300915,132.97494,24.98016,392.66,4.0,antiparallel,24,24
antiparallel_185,25.0,62.275,,0.22081386,,,,4.0,antiparallel,25,24
antiparallel_185,25.0,64.74,,0.22081386,,,,4.0,antiparallel,26,24
antiparallel_185,25.0,67.798,100.88,0.2300915,81.08756,6.6934,342.06,4.0,antiparallel,27,24
antiparallel_185,25.0,70.247,92.723,0.19965284000000003,51.95588,1.874562,178.54,4.0,antiparallel,28,24
antiparallel_185,25.0,72.712,110.62,0.1820456,54.46024,5.36724,152.4,4.0,antiparallel,29,24
antiparallel_199,27.0,0.0,,0.2138159,,,,1.0,antiparallel,0,25
antiparallel_199,27.0,2.528,,0.20363954,21.38296,-25.48849,331.43,1.0,antiparallel,1,25
antiparallel_199,27.0,5.055,186.46,0.2138159,61.0472,-8.411166,400.82,1.0,antiparallel,2,25
antiparallel_199,27.0,7.551,141.86,0.23977192000000003,48.38566,-53.150744,256.41,1.0,antiparallel,3,25
antiparallel_199,27.0,10.062,109.16,0.26008628000000006,38.17094,-56.07131,246.95,1.0,antiparallel,4,25
antiparallel_199,27.0,12.558,126.02,0.2802198,16.461372,-71.411766,5.042,1.0,antiparallel,5,25
antiparallel_199,27.0,15.07,88.922,0.28548060000000003,103.9008,-61.522284,656.44,1.0,antiparallel,6,25
antiparallel_199,27.0,17.582,87.554,0.28265840000000003,70.8975,-85.93585,286.82,1.0,antiparallel,7,25
antiparallel_199,27.0,20.608,88.87,0.26083704,147.35172,-60.72648,420.92,1.0,antiparallel,8,25
antiparallel_199,27.0,23.12,117.87,0.25220604,153.4811,-46.82098,319.55,1.0,antiparallel,9,25
antiparallel_199,27.0,25.631,88.727,0.25179778,118.74886,-68.41492,394.15,1.0,antiparallel,10,25
antiparallel_199,27.0,28.143,106.8,0.24592322000000003,160.29274,-64.02544,619.49,1.0,antiparallel,11,25
antiparallel_199,27.0,30.67,132.43,0.25684212,212.761,-44.41252,616.28,1.0,antiparallel,12,25
antiparallel_199,27.0,33.166,153.64,0.25133198,209.52506,-27.43822,343.45,1.0,antiparallel,13,25
antiparallel_199,27.0,35.693,43.974,0.24771244000000003,230.43948,-17.4838,376.43,1.0,antiparallel,14,25
antiparallel_199,27.0,38.205,42.813,0.23855262000000002,217.84918,-29.58638,456.27,1.0,antiparallel,15,25
antiparallel_199,27.0,,,0.011047406000000001,,,,1.0,antiparallel,16,25
antiparallel_199,27.0,40.685,93.708,0.24857006,157.81578,-54.85466,411.95,1.0,antiparallel,17,25
antiparallel_199,27.0,47.751,63.02,0.25751342,177.01222,-44.95504,388.18,1.0,antiparallel,18,25
antiparallel_199,27.0,49.437,85.718,0.27307114000000005,137.22742,-66.5298,399.79,1.0,antiparallel,19,25
antiparallel_199,27.0,51.964,146.6,0.2743562,97.3933,-80.99426,455.74,1.0,antiparallel,20,25
antiparallel_199,27.0,54.476,114.33,0.28197340000000004,130.62676,-56.4603,297.73,1.0,antiparallel,21,25
antiparallel_199,27.0,56.987,22.089,0.2812062,87.79234,-85.112754,569.53,1.0,antiparallel,22,25
antiparallel_199,27.0,59.483,91.969,0.27309032000000005,157.25956,-64.20354,608.33,1.0,antiparallel,23,25
antiparallel_199,27.0,61.964,107.49,0.25935470000000005,259.09166,-24.32284,582.04,1.0,antiparallel,24,25
antiparallel_199,27.0,64.475,81.239,0.25209644000000003,218.69858,-31.09064,432.64,1.0,antiparallel,25,25
antiparallel_199,27.0,66.987,92.326,0.26013012,231.24778,-24.06254,418.57,1.0,antiparallel,26,25
antiparallel_199,27.0,69.53,43.718,0.26327564000000003,230.28604,-28.56162,464.1,1.0,antiparallel,27,25
antiparallel_199,27.0,72.541,40.554,0.27274234,218.38348,-35.03898,461.91,1.0,antiparallel,28,25
antiparallel_202,28.0,0.0,,0.09417928,,,,1.0,antiparallel,0,26
antiparallel_202,28.0,1.557,,0.013942216,64.13518,13.7853,259.14,1.0,antiparallel,1,26
antiparallel_202,28.0,3.975,194.85,0.12941842,111.63034,40.07012,457.17,1.0,antiparallel,2,26
antiparallel_202,28.0,6.393,187.29,0.1333832,149.48892,79.17814,339.38,1.0,antiparallel,3,26
antiparallel_202,28.0,8.811,137.59,0.17916312,165.60286,56.9167,318.13,1.0,antiparallel,4,26
antiparallel_202,28.0,11.244,125.37,0.17204460000000002,202.05856,91.6599,390.58,1.0,antiparallel,5,26
antiparallel_202,28.0,13.647,155.33,0.17383382,190.88484,42.8898,489.14,1.0,antiparallel,6,26
antiparallel_202,28.0,16.11,198.91,0.14919300000000002,158.14184,34.60678,255.11,1.0,antiparallel,7,26
antiparallel_202,28.0,18.483,110.15,0.15681294,151.68092,-0.172479999999993,259.3,1.0,antiparallel,8,26
antiparallel_202,28.0,21.462,151.49,0.14740652,111.63856,-42.42054,365.65,1.0,antiparallel,9,26
antiparallel_202,28.0,23.88,135.87,0.15272760000000002,154.62094,-4.57017999999999,498.24,1.0,antiparallel,10,26
antiparallel_202,28.0,26.314,124.93,0.20329978,235.43176,73.44584,578.53,1.0,antiparallel,11,26
antiparallel_202,28.0,28.732,97.24,0.20292166,228.99824,55.6468,508.53,1.0,antiparallel,12,26
antiparallel_202,28.0,31.165,166.84,0.16295328,204.58484,50.92304,367.83,1.0,antiparallel,13,26
antiparallel_202,28.0,33.599,171.43,0.16928268,140.44692,-16.333,450.57,1.0,antiparallel,14,26
antiparallel_202,28.0,36.017,150.64,0.17981524000000002,211.15536,32.25542,402.1,1.0,antiparallel,15,26
antiparallel_202,28.0,38.435,122.0,0.24289004000000003,255.74612,69.76054,367.01,1.0,antiparallel,16,26
antiparallel_202,28.0,40.884,81.107,0.25921222000000005,198.29106,13.70562,368.09,1.0,antiparallel,17,26
antiparallel_202,28.0,43.302,,0.25877382000000004,,,,1.0,antiparallel,18,26
antiparallel_202,28.0,46.297,,0.26123982,,,,1.0,antiparallel,19,26
antiparallel_202,28.0,48.684,,0.25877382000000004,,,,1.0,antiparallel,20,26
antiparallel_202,28.0,51.48,95.186,0.26123982,95.86986,-38.26944,693.2,1.0,antiparallel,21,26
antiparallel_227,32.0,0.0,,0.06486950000000001,,,,5.0,antiparallel,0,27
antiparallel_227,32.0,2.418,,0.06092116000000001,29.15086,14.473502,197.85,5.0,antiparallel,1,27
antiparallel_227,32.0,4.852,305.95,0.06990836,22.801458,6.72259,638.78,5.0,antiparallel,2,27
antiparallel_227,32.0,7.301,300.07,0.07428688000000001,41.88912,14.731062,426.84,5.0,antiparallel,3,27
antiparallel_227,32.0,10.304,214.23,0.08972952000000001,39.13816,21.54325,157.0,5.0,antiparallel,4,27
antiparallel_227,32.0,12.137,521.95,0.08489616000000001,21.67888,8.602504,232.92,5.0,antiparallel,5,27
antiparallel_227,32.0,14.555,227.45,0.08342752,52.68746,13.301604,1000.0,5.0,antiparallel,6,27
antiparallel_227,32.0,17.004,393.96,0.11009594000000002,44.1825,16.18518,360.1,5.0,antiparallel,7,27
antiparallel_227,32.0,19.423,289.42,0.08141362,81.64104,37.75994,339.0,5.0,antiparallel,8,27
antiparallel_227,32.0,22.855,209.7,0.10219926,51.00236,16.513706,370.27,5.0,antiparallel,9,27
antiparallel_227,32.0,25.304,199.2,0.09956612000000001,62.883,28.61656,263.26,5.0,antiparallel,10,27
antiparallel_227,32.0,28.484,,0.09713574000000001,,,,5.0,antiparallel,11,27
antiparallel_227,32.0,30.187,220.87,0.0889815,53.52042,26.563204,213.25,5.0,antiparallel,12,27
antiparallel_227,32.0,32.62,,0.07696386000000001,,,,5.0,antiparallel,13,27
antiparallel_227,32.0,35.069,,0.07696386000000001,,,,5.0,antiparallel,14,27
antiparallel_227,32.0,37.503,,0.07876952000000001,,,,5.0,antiparallel,15,27
antiparallel_227,32.0,39.937,,0.07808726,,,,5.0,antiparallel,16,27
antiparallel_229,32.0,0.0,,0.0435797,,,,5.0,antiparallel,0,28
antiparallel_229,32.0,2.449,,0.04116028000000001,26.256598,22.24606,134.11,5.0,antiparallel,1,28
antiparallel_229,32.0,4.867,196.49,0.04521822,19.689092,14.889982,1000.0,5.0,antiparallel,2,28
antiparallel_229,32.0,7.627,277.81,0.051994240000000004,51.36952,37.84214,301.31,5.0,antiparallel,3,28
antiparallel_229,32.0,9.734,163.71,0.0907899,47.10882,29.25772,295.68,5.0,antiparallel,4,28
antiparallel_229,32.0,12.184,171.64,0.09863726000000002,31.51548,21.087588,1000.0,5.0,antiparallel,5,28
antiparallel_229,32.0,14.602,217.69,0.10522696000000001,39.85878,21.013882,426.07,5.0,antiparallel,6,28
antiparallel_229,32.0,17.035,185.11,0.12987326,58.1154,32.13198,445.54,5.0,antiparallel,7,28
antiparallel_229,32.0,19.484,129.88,0.12583724000000002,78.38866,51.1969,559.26,5.0,antiparallel,8,28
antiparallel_229,32.0,22.448,103.81,0.11642808000000002,92.2832,67.5821,359.38,5.0,antiparallel,9,28
antiparallel_229,32.0,24.882,50.162,0.11478956000000001,72.5141,54.44928,317.03,5.0,antiparallel,10,28
antiparallel_229,32.0,27.937,73.639,0.12351646000000001,115.04986,70.9797,357.16,5.0,antiparallel,11,28
antiparallel_229,32.0,29.765,102.42,0.12535774000000002,99.13046,65.28324,314.51,5.0,antiparallel,12,28
antiparallel_229,32.0,32.198,99.246,0.12371648,79.44082,53.84374,244.2,5.0,antiparallel,13,28
antiparallel_229,32.0,34.632,60.338,0.12450560000000001,65.96002,47.95548,149.8,5.0,antiparallel,14,28
antiparallel_229,32.0,37.066,86.281,0.12148612000000002,55.95354,31.62508,270.77,5.0,antiparallel,15,28
antiparallel_229,32.0,39.484,118.19,0.13698082000000003,44.05646,24.198036,191.97,5.0,antiparallel,16,28
antiparallel_229,32.0,,,0.16980602,,,,5.0,antiparallel,17,28
antiparallel_229,32.0,41.948,70.917,0.0030211240000000005,45.0319,23.065046,219.57,5.0,antiparallel,18,28
antiparallel_232,33.0,0.0,,0.033069060000000004,,,,5.0,antiparallel,0,29
antiparallel_232,33.0,2.403,,0.05969912,,,,5.0,antiparallel,1,29
antiparallel_232,33.0,5.043,,0.12843202,,,,5.0,antiparallel,2,29
antiparallel_232,33.0,7.285,61.921,0.11528550000000001,62.00894,47.91164,411.78,5.0,antiparallel,3,29
antiparallel_232,33.0,9.703,125.5,0.11446076000000001,105.17764,83.8714,898.36,5.0,antiparallel,4,29
antiparallel_232,33.0,12.137,167.97,0.1308624,104.4488,69.94672,531.27,5.0,antiparallel,5,29
antiparallel_232,33.0,15.085,196.76,0.14878200000000003,87.09364,52.5943,317.32,5.0,antiparallel,6,29
antiparallel_232,33.0,17.535,177.69,0.17280906000000001,88.4609,57.18654,192.52,5.0,antiparallel,7,29
antiparallel_232,33.0,19.984,87.603,0.22634044,103.13086,64.34068,280.65,5.0,antiparallel,8,29
antiparallel_232,33.0,22.402,108.9,0.23642090000000002,63.40086,33.428,255.93,5.0,antiparallel,9,29
antiparallel_232,33.0,25.033,70.961,0.23761280000000004,43.66738,19.805268,251.11,5.0,antiparallel,10,29
antiparallel_234,33.0,0.0,,0.14735446000000002,,,,5.0,antiparallel,0,30
antiparallel_234,33.0,2.434,,0.17278988000000003,50.7859,31.43876,256.47,5.0,antiparallel,1,30
antiparallel_234,33.0,4.852,79.905,0.18780508000000004,63.66938,47.07594,339.3,5.0,antiparallel,2,30
antiparallel_234,33.0,7.301,101.21,0.20542054,66.73818,49.23506,201.54,5.0,antiparallel,3,30
antiparallel_234,33.0,9.735,66.088,0.19386322,90.80908,67.50264,253.36,5.0,antiparallel,4,30
antiparallel_234,33.0,12.153,71.143,0.17479282000000002,107.61076,80.35598,351.85,5.0,antiparallel,5,30
antiparallel_234,33.0,15.459,39.516,0.17737664000000003,88.96232,61.83358,372.34,5.0,antiparallel,6,30
antiparallel_234,33.0,17.02,140.86,0.17751638,112.03312,81.5013,314.86,5.0,antiparallel,7,30
antiparallel_234,33.0,19.438,88.808,0.19538940000000002,75.59386,50.6215,780.5,5.0,antiparallel,8,30
antiparallel_234,33.0,22.417,122.39,0.2001844,113.80316,74.2677,602.76,5.0,antiparallel,9,30
antiparallel_234,33.0,24.835,83.339,0.20246682000000002,138.64674,117.03088,1000.0,5.0,antiparallel,10,30
antiparallel_234,33.0,27.253,74.563,0.21125674000000003,98.74138,70.14674,392.75,5.0,antiparallel,11,30
antiparallel_234,33.0,29.687,50.98,0.22060562000000003,125.23718,77.21594,378.09,5.0,antiparallel,12,30
antiparallel_234,33.0,32.136,71.239,0.22021106000000001,175.3326,119.73252,415.55,5.0,antiparallel,13,30
antiparallel_234,33.0,35.139,34.944,0.21514206000000002,143.83356,96.1603,430.45,5.0,antiparallel,14,30
antiparallel_234,33.0,36.972,144.64,0.20719332000000004,108.18068,69.93576,297.11,5.0,antiparallel,15,30
antiparallel_234,33.0,39.39,33.251,0.20560686,94.97388,60.25534,661.84,5.0,antiparallel,16,30
antiparallel_234,33.0,41.839,129.19,0.19724986,78.89008,51.31746,579.4,5.0,antiparallel,17,30
antiparallel_234,33.0,44.258,105.67,0.18132772000000003,68.08352,41.05616,264.6,5.0,antiparallel,18,30
antiparallel_234,33.0,47.69,71.09,0.1791549,43.25638,24.157758,282.48,5.0,antiparallel,19,30
antiparallel_237,34.0,0.0,,0.14786958000000003,,,,5.0,antiparallel,0,31
antiparallel_237,34.0,6.487,,0.1433157,46.05118,32.96768,108.32,5.0,antiparallel,1,31
antiparallel_237,34.0,8.533,182.65,0.14916834,69.15486,43.14678,158.48,5.0,antiparallel,2,31
antiparallel_237,34.0,10.998,141.23,0.13678354,81.12866,41.6754,226.55,5.0,antiparallel,3,31
antiparallel_237,34.0,13.447,82.846,0.13623280000000001,92.03934,34.47468,431.09,5.0,antiparallel,4,31
antiparallel_237,34.0,15.881,169.9,0.14156484,70.25086,30.40578,312.13,5.0,antiparallel,5,31
antiparallel_237,34.0,18.299,125.53,0.13250092,129.34444,48.95832,451.07,5.0,antiparallel,6,31
antiparallel_237,34.0,20.717,100.57,0.1291225,141.33742,57.92908,444.77,5.0,antiparallel,7,31
antiparallel_237,34.0,23.182,121.65,0.15022324,95.69998,37.46128,376.79,5.0,antiparallel,8,31
antiparallel_237,34.0,25.6,149.4,0.16549326,130.00478,49.82142,408.68,5.0,antiparallel,9,31
antiparallel_237,34.0,28.018,32.506,0.17615734000000002,130.1226,43.17966,517.67,5.0,antiparallel,10,31
antiparallel_237,34.0,30.951,,0.17968920000000002,,,,5.0,antiparallel,11,31
antiparallel_239,34.0,0.0,,0.23526736,,,,5.0,antiparallel,0,32
antiparallel_239,34.0,2.418,,0.23329456,55.24388,21.45968,275.09,5.0,antiparallel,1,32
antiparallel_239,34.0,4.867,123.05,0.23282876,59.96216,28.6741,176.53,5.0,antiparallel,2,32
antiparallel_239,34.0,7.316,145.82,0.23371104,110.01374,57.28244,226.92,5.0,antiparallel,3,32
antiparallel_239,34.0,10.458,53.29,0.23623458000000003,174.0448,78.04068,442.75,5.0,antiparallel,4,32
antiparallel_239,34.0,12.199,103.84,0.21654768000000002,181.5798,64.94622,466.7,5.0,antiparallel,5,32
antiparallel_239,34.0,14.633,148.77,0.20212158000000002,154.03184,52.72034,451.55,5.0,antiparallel,6,32
antiparallel_239,34.0,17.097,,0.20400396000000004,,,,5.0,antiparallel,7,32
antiparallel_239,34.0,19.531,125.62,0.21206778,125.70298,60.83348,270.73,5.0,antiparallel,8,32
antiparallel_239,34.0,22.573,165.54,0.19159998000000003,110.6823,49.43234,271.59,5.0,antiparallel,9,32
antiparallel_239,34.0,25.022,110.88,0.17155140000000002,106.31474,45.74978,292.67,5.0,antiparallel,10,32
antiparallel_239,34.0,27.456,82.355,0.19231512,72.5826,33.8801,214.87,5.0,antiparallel,11,32
antiparallel_241,34.0,0.0,,0.06823148000000001,,,,5.0,antiparallel,0,33
antiparallel_241,34.0,2.58,,0.06390228,28.47134,22.684734,177.07,5.0,antiparallel,1,33
antiparallel_241,34.0,4.836,165.97,0.05437256000000001,41.03698,27.99184,405.41,5.0,antiparallel,2,33
antiparallel_241,34.0,7.27,244.41,0.0868169,39.2505,22.738438,363.73,5.0,antiparallel,3,33
antiparallel_241,34.0,9.703,215.47,0.08632644,50.20228,32.89096,230.32,5.0,antiparallel,4,33
antiparallel_241,34.0,12.152,89.481,0.09485058000000002,21.583528,8.236988,388.71,5.0,antiparallel,5,33
antiparallel_241,34.0,15.974,87.718,0.10313908000000001,17.093764,11.414018,87.419,5.0,antiparallel,6,33
antiparallel_241,34.0,18.392,90.335,0.08978706,61.46094,38.16272,345.98,5.0,antiparallel,7,33
antiparallel_241,34.0,20.81,121.29,0.09655760000000001,75.84868,50.15844,524.75,5.0,antiparallel,8,33
antiparallel_241,34.0,23.228,99.375,0.1152992,53.68482,32.94028,248.96,5.0,antiparallel,9,33
antiparallel_241,34.0,25.678,114.12,0.11594858000000001,72.73604,52.86556,297.7,5.0,antiparallel,10,33
antiparallel_241,34.0,28.127,100.86,0.11519234000000002,85.04686,59.3073,538.66,5.0,antiparallel,11,33
antiparallel_241,34.0,30.576,111.29,0.13623828000000002,112.7647,76.90084,496.49,5.0,antiparallel,12,33
antiparallel_241,34.0,32.994,123.74,0.14846416,115.13754,81.57802,340.98,5.0,antiparallel,13,33
antiparallel_241,34.0,35.83,103.38,0.14807508,95.62326,60.88006,470.76,5.0,antiparallel,14,33
antiparallel_241,34.0,37.877,,0.15620466,,,,5.0,antiparallel,15,33
antiparallel_241,34.0,40.841,201.76,0.1578651,100.62376,65.72712,360.73,5.0,antiparallel,16,33
antiparallel_244,35.0,0.0,,0.14323624000000001,,,,5.0,antiparallel,0,34
antiparallel_244,35.0,2.418,,0.12614686,64.3626,47.74724,321.34,5.0,antiparallel,1,34
antiparallel_244,35.0,4.867,150.37,0.13225158,71.96336,54.16432,205.15,5.0,antiparallel,2,34
antiparallel_244,35.0,7.831,128.14,0.15255772,62.97616,44.67844,177.02,5.0,antiparallel,3,34
antiparallel_244,35.0,10.265,90.719,0.1751408,99.9826,64.1571,333.83,5.0,antiparallel,4,34
antiparallel_244,35.0,12.683,102.08,0.18025912000000002,95.67806,70.87832,247.48,5.0,antiparallel,5,34
antiparallel_244,35.0,15.116,76.873,0.17516546000000002,90.82826,66.28334,232.67,5.0,antiparallel,6,34
antiparallel_244,35.0,17.784,59.444,0.1771136,116.46096,77.3913,459.43,5.0,antiparallel,7,34
antiparallel_244,35.0,20.015,202.61,0.18340738,71.57428,45.01546,266.14,5.0,antiparallel,8,34
antiparallel_244,35.0,22.464,75.068,0.19520034,87.71836,50.8407,593.05,5.0,antiparallel,9,34
antiparallel_244,35.0,24.913,240.96,0.21390084,78.50648,46.03474,256.48,5.0,antiparallel,10,34
antiparallel_244,35.0,27.347,104.83,0.22125500000000003,85.899,55.36718,212.72,5.0,antiparallel,11,34
antiparallel_244,35.0,29.78,105.55,0.22194548000000003,70.966,44.99902,210.02,5.0,antiparallel,12,34
antiparallel_244,35.0,32.729,52.285,0.2007461,80.4738,58.82232,1000.0,5.0,antiparallel,13,34
antiparallel_244,35.0,35.178,160.83,0.17981250000000001,113.64698,71.94692,556.59,5.0,antiparallel,14,34
antiparallel_244,35.0,38.404,,0.17295428000000002,,,,5.0,antiparallel,15,34
antiparallel_246,35.0,0.0,,0.14018936,,,,5.0,antiparallel,0,35
antiparallel_246,35.0,2.434,,0.12687296,11.118646,6.83767,60.53,5.0,antiparallel,1,35
antiparallel_246,35.0,4.867,102.37,0.14018936,34.00066,17.387492,161.92,5.0,antiparallel,2,35
antiparallel_246,35.0,7.862,115.96,0.15044244,43.23994,11.88612,482.75,5.0,antiparallel,3,35
antiparallel_246,35.0,10.28,106.13,0.16532064000000002,50.93112,16.115584,391.15,5.0,antiparallel,4,35
antiparallel_246,35.0,12.851,181.59,0.20130232000000003,72.44834,24.276674,424.64,5.0,antiparallel,5,35
antiparallel_246,35.0,15.116,92.725,0.19086840000000002,74.7061,22.68035,570.01,5.0,antiparallel,6,35
antiparallel_246,35.0,17.534,119.18,0.18237714,128.46764,41.60142,574.65,5.0,antiparallel,7,35
antiparallel_246,35.0,19.968,94.705,0.17836578000000003,147.65586,57.02762,436.14,5.0,antiparallel,8,35
antiparallel_246,35.0,22.402,60.405,0.17869732000000002,142.6033,55.01372,377.78,5.0,antiparallel,9,35
antiparallel_246,35.0,24.851,66.072,0.18136882000000001,148.10522,52.46552,464.2,5.0,antiparallel,10,35
antiparallel_246,35.0,,,0.012801828,,,,5.0,antiparallel,11,35
antiparallel_246,35.0,27.269,86.159,0.19313986,150.41504,51.76134,479.55,5.0,antiparallel,12,35
antiparallel_246,35.0,33.384,70.226,0.21788206000000004,129.53076,60.58688,279.32,5.0,antiparallel,13,35
antiparallel_246,35.0,35.833,48.652,0.23373570000000005,133.72844,41.47264,527.76,5.0,antiparallel,14,35
antiparallel_246,35.0,38.298,55.588,0.24402440000000003,137.6576,44.35238,528.86,5.0,antiparallel,15,35
antiparallel_246,35.0,41.501,59.008,0.25234852,150.94934,64.40918,323.49,5.0,antiparallel,16,35
antiparallel_246,35.0,43.181,11.284,0.26340990000000003,151.34664,55.14798,397.43,5.0,antiparallel,17,35
antiparallel_246,35.0,45.599,-8.2422,0.25234852,161.83262,55.47404,495.81,5.0,antiparallel,18,35
antiparallel_246,35.0,48.048,98.903,0.2748494,144.32402,41.5795,692.91,5.0,antiparallel,19,35
antiparallel_246,35.0,50.451,129.06,0.26308384,206.83986,67.03958,555.09,5.0,antiparallel,20,35
antiparallel_248,35.0,0.0,,0.09583424,,,,5.0,antiparallel,0,36
antiparallel_248,35.0,2.418,,0.0910639,23.946504,7.776668,512.06,5.0,antiparallel,1,36
antiparallel_248,35.0,4.836,108.47,0.09330248000000001,34.57058,10.964658,371.11,5.0,antiparallel,2,36
antiparallel_248,35.0,7.254,,0.1257934,,,,5.0,antiparallel,3,36
antiparallel_248,35.0,9.704,224.56,0.13595606000000002,51.32294,12.50673,1000.0,5.0,antiparallel,4,36
antiparallel_248,35.0,12.153,186.1,0.13312838000000002,68.34656,31.42506,279.13,5.0,antiparallel,5,36
antiparallel_248,35.0,14.602,108.97,0.14158128000000003,96.90558,29.23032,757.8,5.0,antiparallel,6,36
antiparallel_248,35.0,17.02,83.396,0.15005062,85.6661,27.26026,586.02,5.0,antiparallel,7,36
antiparallel_248,35.0,19.856,182.68,0.20061458000000001,61.56232,22.387992,321.96,5.0,antiparallel,8,36
antiparallel_248,35.0,21.903,117.77,0.21273086000000002,73.64024,32.75396,226.53,5.0,antiparallel,9,36
parallel_262,37.0,0.0,,0.05306284000000001,,,,,parallel,0,0
parallel_262,37.0,2.465,,0.02903852,10.35172,8.81595,42.786,,parallel,1,0
parallel_262,37.0,4.945,309.52,0.029263200000000003,28.47682,17.726978,217.08,,parallel,2,0
parallel_262,37.0,7.987,277.25,0.040746540000000005,27.78086,13.584646,291.3,,parallel,3,0
parallel_262,37.0,10.452,340.03,0.035483,27.69866,14.42473,238.64,,parallel,4,0
parallel_262,37.0,12.917,343.52,0.03295672,8.44331,3.99629,126.55,,parallel,5,0
parallel_262,37.0,15.304,327.64,0.04627312,43.6071,32.3457,131.84,,parallel,6,0
parallel_262,37.0,17.753,166.45,0.037990100000000006,29.18922,13.437234,262.25,,parallel,7,0
parallel_262,37.0,20.202,303.68,0.04459076000000001,23.17218,10.505982,303.57,,parallel,8,0
parallel_262,37.0,22.966,260.77,0.044114,35.85564,21.765738,199.38,,parallel,9,0
parallel_264,38.0,0.0,,0.041050680000000006,,,,,parallel,0,1
parallel_264,38.0,2.464,,0.041050680000000006,12.864026,12.781826,5.2653,,parallel,1,1
parallel_264,38.0,4.898,61.04,0.06028822000000001,11.651302,10.836426,12.51,,parallel,2,1
parallel_264,38.0,7.893,249.59,0.06618196,55.9645,36.41186,200.88,,parallel,3,1
parallel_264,38.0,10.327,290.62,0.08507152,63.41182,48.05138,103.01,,parallel,4,1
parallel_266,38.0,0.0,,0.021912054,,,,,parallel,0,2
parallel_266,38.0,2.465,,0.04728692,9.618496,9.260926,5.3279,,parallel,1,2
parallel_266,38.0,4.914,262.75,0.06087732000000001,40.75202,21.298568,256.23,,parallel,2,2
parallel_266,38.0,7.348,367.94,0.05146816,29.47144,11.200024,538.03,,parallel,3,2
parallel_266,38.0,9.797,329.37,0.07323472,29.28238,22.572394,65.379,,parallel,4,2
parallel_266,38.0,12.712,183.29,0.0826658,50.4434,39.77384,82.783,,parallel,5,2
parallel_266,38.0,14.68,231.03,0.06305014,51.66818,19.602508,460.12,,parallel,6,2
parallel_266,38.0,18.486,210.51,0.07918874000000001,68.87812,46.39642,151.87,,parallel,7,2
parallel_266,38.0,20.935,202.47,0.08756218,66.94642,25.267732,496.22,,parallel,8,2
parallel_266,38.0,23.4,220.77,0.09427518000000001,110.30418,62.29664,304.36,,parallel,9,2
parallel_266,38.0,25.865,178.2,0.09452726000000002,105.96676,62.7871,216.89,,parallel,10,2
parallel_269,39.0,0.0,,0.09804542000000001,,,,,parallel,0,3
parallel_269,39.0,7.113,,0.014515698,,,,,parallel,1,3
parallel_269,39.0,10.377,,0.1333558,,,,,parallel,2,3
parallel_269,39.0,11.934,,0.14052364,63.66116,30.962,255.46,,parallel,3,3
parallel_269,39.0,14.352,196.59,0.18728174,117.01992,39.45874,481.23,,parallel,4,3
parallel_269,39.0,16.77,185.89,0.17914668,152.79062,70.11934,334.9,,parallel,5,3
parallel_269,39.0,19.188,134.0,0.18045366000000002,173.60366,81.9123,336.98,,parallel,6,3
parallel_269,39.0,21.621,129.01,0.15734998,210.0484,95.77944,398.94,,parallel,7,3
parallel_269,39.0,24.024,155.45,0.16402462,198.79522,71.0208,493.13,,parallel,8,3
parallel_269,39.0,26.487,195.99,0.15527032000000002,164.8247,87.53204,263.48,,parallel,9,3
parallel_269,39.0,28.86,109.98,0.16060236,157.7418,78.5969,275.84,,parallel,10,3
parallel_269,39.0,31.839,150.06,0.21134442,114.7923,40.73284,393.76,,parallel,11,3
parallel_269,39.0,34.257,139.04,0.2124185,140.2195,51.73668,486.7,,parallel,12,3
parallel_269,39.0,36.691,124.48,0.17132398000000001,239.39106,87.02788,595.64,,parallel,13,3
parallel_269,39.0,39.109,77.515,0.17136508,241.46798,85.6524,585.9,,parallel,14,3
