,accumulation_end_fit,accumulation_timescale,velocity_decay_timescale,v_s_fit,shrinking_speed_steady_state
0,64.4613828749946,10.80890113911987,11.090781523734908,288.06622307693925,120.44879515417357
1,84.91571801310596,17.596791042461557,5.597263226208656,306.9424303593661,125.74595090039809
2,71.03810444509114,9.545133796370353,2.311301293842577,420.9013428040954,152.41111653834065
3,97.5082248225802,20.59198017713027,7.949244980329617,380.99466555689537,128.66609251726828
4,52.524513023606225,10.220291894084976,11.063906037545213,308.0995712462434,123.96343607986717
5,60.21834603686598,11.141908115915117,8.054086529303445,251.60088848304696,104.80795285561074
6,59.619544920861074,10.859347007196938,7.475560163168512,367.3305903124422,124.6118627427979
7,70.02273968775836,10.644839364918955,7.860347858922599,272.4942956329794,121.74948132481431
8,67.32123234248006,12.31127277264068,12.373577922766737,260.44652574677315,119.2729527996096
9,65.9392575139065,12.024959115663146,6.996509559537954,331.35826029899954,122.00394186380592
10,66.54711611373496,11.279048522038048,3.4602296430622275,781.253267711163,124.7367793376275
11,78.39987345651448,13.339664187839348,5.208870498091597,382.1472965579166,120.81081079602802
12,54.76301161658955,11.686329250691502,7.883543950210881,312.8472818157021,124.49918493713406
13,66.37962971941637,9.890278813666255,5.4063460500821705,499.70863760360805,137.18163586322763
14,72.3327129366197,10.701836783276839,18.27360666411439,275.81140064280896,106.37210228747553
15,62.4567268343961,11.70712809871599,8.916742937452787,439.62919264078425,121.27438018818212
16,68.2649450361387,8.507491476404134,5.621122665933599,365.1430412884319,121.16561615709712
17,71.1277151346225,12.423118492432966,7.59790072950161,310.5929069914642,116.43282766420175
18,64.45619541643741,7.661666574390169,3.527321066171468,1222.8112572969528,128.4451829269514
19,44.89368782511187,8.523442501854166,5.121791412504,598.7984301631872,110.32129726181938
20,68.92945304299923,10.202621734740518,2.9579542846368776,330.169108567051,149.91297982381423
21,60.894589397313005,10.895340185572103,5.008483927157867,526.551944737341,120.31074506882902
22,53.566920630497115,16.35696201097572,6.078897379708267,485.9485969894033,123.29640789164331
23,62.8688059592447,9.452078286250932,3.206004279192763,742.6332661600709,123.63151034550192
24,68.86135503707702,9.407255360026154,4.95193675617623,440.0664109460805,116.78157954154048
25,54.87922473025717,9.675146272471075,15.100280337193647,219.40712211995574,113.91271354444648
26,65.3849892785135,9.708192612133203,3.104395916032047,822.2362922166409,134.5286941386978
27,70.00603178918783,9.16365076452606,5.803639351900777,417.1740972463471,114.71480125728307
28,66.96599348428363,10.634063406523522,5.3368543189168385,631.853464017992,117.63149585917405
29,71.73908142252078,13.554823219676381,4.11858388182837,365.0024025140441,123.55501167850991
30,61.78141013588532,14.210770569093608,3.9697118972894434,837.7669679132741,116.97123481673471
31,61.1266824428619,14.395433904370904,4.0560211237163495,859.1584718819116,117.3555141894755
32,59.20779137204438,9.682013952033078,3.4192182473405017,955.6668956034147,117.31800590629761
33,69.450884060558,10.406438301849297,6.292773020632367,423.51422609492846,109.70463309962463
34,73.20165124156749,12.987279710327263,2.742401170747201,743.5913800171115,147.6922299804002
35,65.60441877008935,9.502704356041972,5.573289608425492,473.0345728675694,139.86741124083105
36,62.60755871641669,12.501144796434923,3.4755354207950924,1014.0974917507058,140.5116402986188
37,62.770162563376324,9.427617984281724,18.88938277419305,208.45390833778617,92.00448020718244
38,60.71623903617251,10.35751322083382,7.591581970525033,405.6118067469264,117.54528599029672
39,88.08602197450858,12.80997657402648,3.8420169861813274,565.7950037907651,128.44968946234061
40,71.705162591948,12.803857841797162,5.539634774419306,437.0106167757606,118.11652534251138
41,65.80765706381736,12.133434072477234,4.384146907368646,564.840961619414,111.26601932549713
42,60.42171575232628,9.910998144365726,2.5130129093905733,1597.732196461761,150.42801869050416
43,57.8564352202278,10.326409301283137,5.361844648967537,623.5786632507557,113.07457029779444
44,77.28715365627978,22.797441067061317,6.356897174357577,409.78443776611266,114.80396418356996
45,64.73094512590954,9.543639815725275,6.233310258304662,328.46782929404316,122.04610898552558
46,59.17574217525049,11.347534116261961,6.804704396998852,533.5928464390173,117.15865414545836
47,55.85290598157475,10.64379398080267,7.335510610756546,489.2417513077065,115.8748400622327
48,69.82336805659794,10.156765506872379,47.529768412064925,233.89682480340156,106.3254829667805
49,66.12342667235627,9.064657385598208,6.423373984472681,307.2073683291553,151.25983082438069
50,56.78575818576245,14.116703680417508,4.218184460564916,818.344065410533,112.88302985255316
51,69.62068074592949,13.134672861545658,11.845354697353718,304.47258507572127,114.69414224381653
52,99.96058434569322,16.031697490479765,0.37857572943318507,232.74651666927602,163.35047262618625
53,100.72734945711854,13.933129272837114,2926.7396560306206,143.84503686473727,5328.733983023241
54,71.15517825347071,14.656789923106256,8.092963645127538,365.97582016132105,107.46354668419923
55,80.60079493094564,14.550889821129385,3.666866231646032,857.356463491848,148.94448078190558
56,96.76219817207514,24.003537817662593,5.864651860858267,442.92064501670865,121.64761167573705
57,57.215159172587825,15.316425331445782,0.8324802932332747,712549.348378545,150.6270756920349
58,63.82433429164638,10.830070293438345,15.639330953029859,244.64505179391608,112.21568219048221
59,68.66576388325683,13.25319265595663,5.279195042836379,673.444073744062,114.17741537883542
60,70.1091427896994,17.74323931969731,5.192349938726872,659.7812014042793,121.37422107417359
61,74.48575444260265,11.438096212013086,5.313529930618915,575.9719910304302,118.70424922357216
62,73.36394379774872,12.443996053348284,0.8621748681899809,239659.22227063394,129.7633114446293
63,56.82073559858956,6.654580839665143,1.1166981459957412,256.6391196431547,110.45785815490254
64,59.4067742974239,11.998904463678961,4.893259494793446,690.9435180633662,117.80964997144046
65,68.5110038132597,9.05137848348742,9.539832867137239,277.51847702113594,111.88709734982375
66,66.57618725379389,9.148534897205522,6.076735789153401,352.03384782869483,122.7565502362788
67,73.83600221482583,12.314190370673693,8.38959656244267,333.80329431131526,108.53471393106788
68,69.072416327581,10.005137847260942,3.1542611818715227,927.8585136639992,118.17134984818982
69,54.200429185660326,7.350711130943219,5.915286299426008,512.4150992747886,136.6562094460626
70,57.90556191183588,11.386142353651662,6.788137084343796,449.49923752836935,123.3791738684886
71,66.90056559095825,8.894943003559822,4.280763869021368,516.7231273065911,116.24817324261255
72,64.52315368304313,9.904713467854538,6.421674494366644,352.8897927743136,145.3499715472186
73,68.57560547374604,10.880978810120892,7.484092196661796,344.511309609238,120.81689027166631
74,60.67241353213905,9.603539411129214,9.20040306051538,267.77185229455546,121.63010538515519
75,52.50646921819032,8.347528627923008,3.1928328122949745,854.5152655815727,121.06230382225269
76,62.73073771362318,11.38979148214837,4.89119645202022,426.72718813941054,124.18646525689338
77,56.96653763209709,10.532179536025078,7.288678141285615,291.776172995743,114.66315651098184
78,66.96279255137118,11.700044380594253,6.102588130250503,526.2002716463079,112.939998631471
79,68.03379598528937,11.21723462277241,9.34218927541128,371.9051635528384,123.2561589807739
80,83.52210752000781,12.155061680762506,3.825191378799975,523.3282056495854,127.73833793307804
81,62.910682410415404,11.066091166478891,33.76654312038028,173.75502393139016,98.81311285879086
82,57.2195205526905,7.89606301468883,4.951795835505155,426.9633390125827,126.29395882236719
83,64.04146302274921,8.445584400891361,6.070297154605566,464.76316446766344,107.49148949165321
84,54.75350187617319,7.1633964099117415,7.183816245233212,377.5092270800412,107.77245677543202
85,68.96621629826551,9.85122830554031,8.869574085039222,295.07411729289504,125.56477640259192
86,64.41755625711295,13.714340828295422,6.075360282839611,453.01716229454274,134.54179563953
87,63.30527746270132,14.397727923938795,8.354344607142233,375.19877787533323,123.76586029202366
88,64.5008614607521,10.092509702655294,1.244067858616802,250.48042797530704,107.15033674776126
89,49.00549109572424,7.536874660341416,7.360103267179946,370.16352074521916,101.51262519739028
90,68.49712094716755,14.763114039137703,4.1983098635790475,770.4034137469158,117.25506139371329
91,102.99090902013053,20.95757408894674,0.10929082822102032,252.93731066425457,108.9159438124889
92,62.19147032942481,11.18795743685124,6.616994765384305,414.05102744112776,125.53505754265058
93,67.21536480770352,8.665152474304453,3.9633932028903565,652.2811091459644,112.4696391865733
94,67.51403328957407,10.407002148353344,4.755838494693773,486.42939429110436,132.7852792521214
95,91.34983942458166,13.945618227493616,20.839167126887187,225.49128398860205,52.11256017605996
96,53.01024209305074,8.211903043984,3.0855346824588192,1309.4687785721205,146.7364528858937
97,56.81337291121041,8.875699778903517,47.64670880128689,233.7868263526455,106.31775826755819
98,65.16985241633618,13.544930842182424,7.545252276945137,418.85245693937503,124.16268571638902
99,60.213506952029476,9.418648502333966,3.8490995254620644,672.5580896845443,124.09894799184505
100,69.08522326153776,12.081146074242904,11.165310320759662,200.18146142416452,115.49396337657105
101,69.17427001702616,12.680048882992486,6.567788830733016,438.7983720344685,113.1694966832032
102,70.90519514517436,25.15548864223792,6.043472583089792,513.8796540211442,119.78169144729173
103,60.3032564810248,16.103001176172437,7.8131400801053585,340.64565336554244,121.67165700896373
104,1585.2551885373887,385.8205126258324,0.348328480647987,238.88221766343958,144.71660982331363
105,112.87795413817489,19.501853799499163,1.0118623568244245,1318.952135436408,150.28237014688378
106,62.24900567936625,12.407239848774063,4.262309601505089,472.7365734372659,126.51237844839386
107,60.654100965881106,8.272432775547244,4.933905011083906,833.4649492227434,114.69745966812411
108,73.55476726057765,14.24286816166583,47.650511557844766,233.7866157695704,106.31049905562097
109,64.70810736582379,19.922775661837473,4.903543757042301,587.1951230641796,122.47622306757434
110,59.02582181482108,10.909095826236143,3.945663492012125,533.2974191418953,117.00410954440684
111,71.48498401876992,10.595249409121225,8.186199854097378,301.88694945033035,123.39059283271455
112,74.66206326195154,14.860943438733099,6.971408124807461,416.08152336834087,115.3930573761288
113,64.23324328849908,14.2257836572172,8.778924954131021,210.06003972900322,106.17232695875505
114,58.72865687076819,7.746770198868959,5.098557595524973,619.1316908005485,111.86490528950314
115,60.96417131839195,13.802297826973096,4.581781354587308,618.2226775917533,125.04375792919242
116,55.58437390346143,11.561037185714799,3.567390737380077,1182.3610065999837,117.91020605226878
117,65.13566909154616,8.746088055697525,3.4298956569878696,556.9823052378453,135.43200654308785
118,52.752533273543875,7.451628763659367,3.045523074355775,1107.8719361167912,116.0682905261431
119,68.74203139573976,8.927036307434713,3.920562420036937,696.3893232552925,113.46455782151862
120,60.56742713907138,11.822801001585415,7.252120049421657,404.0376010577328,125.27974143500448
121,171.9266729466109,26.439712960622508,7.213040488471847,205.55566974563007,128.956779167558
122,58.710707086051336,8.534871905675898,7.80571973982644,359.395585369122,108.60031578796163
123,53.59072626125542,7.86219464561912,7.456255498157181,353.0925621019948,114.05530365963955
124,59.107496232848625,13.443165264328144,3.4370220695407556,1156.7758828290798,124.04326916417139
125,106.55405414452521,29.52623720119466,3.9090876429962855,571.8866274185168,147.32875717808975
126,72.1426242674016,20.244909110746555,9.124684775104596,342.11525276606585,116.47466604332331
127,64.70286053063614,18.65833166518969,4.657027990914967,540.5404605211949,110.72630244297294
128,50.76985181333914,10.01908467876634,3.1521368079784517,1090.9987430112042,124.76894493500586
129,62.03983375225839,10.005071915026663,7.818170518442994,471.4298479684146,124.03763829971423
130,76.30624933051858,11.456837890598168,5.760409096845037,454.04415966214174,110.84213191095672
131,64.0632340615044,10.211679883892362,5.848907600804212,585.9326436988285,106.96797011075516
132,51.69140701343215,11.174861965145874,9.863426736819696,288.09180744069226,118.5283148495869
133,88.60648457734052,17.671206225466623,3.7487668261688563,246.12547184077602,157.69855035597453
134,81.16235532288114,22.540360386655877,4.4649111177185645,585.1261128806395,124.12438715631603
135,57.455357848703926,11.518819675101776,7.293761787992267,428.160243371432,132.62356679906765
136,55.491284658543634,10.097025229934365,4.301324289792295,624.7869876308955,116.41211015387717
137,60.40097734334412,8.590522548956123,5.231136943478043,610.2603366099751,121.88735039267733
138,67.6616796930803,9.06293021256308,5.244393135275092,359.0353491935568,127.6950966296347
139,91.75103873907324,13.99042542134309,8.298727448504419,219.27401584282717,131.7534084331596
140,100.26819501851878,21.35923723726453,0.8043059373355991,491649.6866896808,155.05087345683768
141,779.1482952239,163.94414738801333,1.0520318583320147,249.41252771497017,106.42337460807325
142,63.04016775281408,8.462740824332407,8.171515883134063,309.5946215633508,121.44218005373959
143,77.18431398573111,12.14476394862322,10.993607226418915,212.3668897420555,143.4965030807461
144,59.54563313063088,8.274306630258351,4.137425670116823,435.1832954708708,127.41251553109737
145,66.20981735843968,13.260035621120975,4.7871174187220005,642.288054136455,123.1655279595246
146,67.1357415168137,8.734963392975521,6.886998092423759,333.797366270817,108.6191276455137
147,45.94805002762558,7.935079233138921,4.605091534103297,548.9961506276583,113.47245172736703
148,60.62634224054956,14.33998014309604,3.9830995017591344,843.3893012500718,117.7806583820528
149,74.72024721585375,16.04706118682751,8.323592002059957,262.1028933957091,116.28761569095556
150,50.16842829999872,8.678813327658922,7.731650564547888,302.8664648816325,117.59735347379062
151,77.75858258702993,15.991291097143375,5.9090691283750205,584.6318897650677,117.70257973454184
152,58.2788970347259,8.057864559672039,0.880117421526406,171483.9078155383,127.32035051290732
153,63.604387441317485,13.1913835948332,12.535060023716195,274.6792100273176,117.14325115552386
154,75.44248680393181,14.335985966310567,5.920240808539453,398.2694113480713,120.61334772066358
155,70.5354736501916,11.10077997361286,4.909513465833085,534.6217888714021,121.72609188091741
156,74.439413127842,13.527204979749007,46.50362904926814,177.64436377478756,86.42145731738788
157,71.7523311106572,12.139367529594413,6.969588097758909,335.25076513202316,131.03691155240645
158,77.88328307187231,11.034205738419526,7.383634576974111,306.8213036674025,113.28231298533785
159,81.21627787330064,14.874659481562412,1.0889852325876177,250.63255758767238,107.35059577502992
160,53.709049240132956,7.323704692750196,2.94920801258337,969.3905039628203,123.9062593080745
161,117.7809706488897,33.74943584906992,4.363268507541737,396.71782320369095,125.97296329240865
162,62.67571140019201,13.137144670979408,3.9309108254215737,768.5624295081508,120.31683525823821
163,56.351519461855375,8.583642327866707,5.6834488227018145,514.7336193293324,117.48993931382626
164,54.06856372081238,7.761910302661946,2.2052904708795285,2711.822787141318,115.98302826789079
165,59.36863393102395,10.151835434858166,2.134396627962965,1488.9652821835548,148.14408505900678
166,61.124729308407446,9.578715465444205,4.317535187875838,604.1984028097087,118.20698062422613
167,93.09363084242055,26.42662063319533,7.03349594667448,317.1301412659336,125.07630767175027
168,69.4682455552644,12.131614556949614,4.696108744308586,583.1992852927455,115.79349384630987
169,62.48203761436258,11.106061171076725,11.790233298113868,217.4871465581876,116.49627066609962
170,68.73916920785803,7.623772929489211,6.436119069563324,422.9676516278806,113.84042149959045
171,66.93993134621701,9.2081397142036,20.735821778698277,237.16091137670094,103.53618340474863
172,69.41940206249484,12.142995378780814,4.120891988789338,612.9070175597012,125.47759370125864
173,99.5727520286081,20.236315953593348,7.414768304696563,334.49500037979345,126.09564220955578
174,70.29032479951915,17.659002365697862,5.135467649013318,713.3931750264828,120.56274599518684
175,59.65233813776444,13.936939725706294,4.69724113389574,691.0237463996721,121.0913142295201
176,58.39621861593474,12.322775053656022,5.178520721158396,663.029338710917,114.95941203507829
177,103.27681878409923,18.80243233454341,5.8882965862173355,315.4863874237643,108.76952192592762
178,66.73628493214615,10.050319205727353,16.506493953977714,180.6920449789758,112.77350480123901
179,71.34093154351997,11.625542990866531,10.155745661694711,290.27029717516393,121.16512233817726
180,64.07515013823536,9.257066757399375,6.575519756469191,488.68845735515174,116.03612532450416
181,57.31354087237613,7.356161814321629,5.372190617245334,568.8718645695006,107.56994568268696
182,79.26961506923638,12.41115687391496,8.880420242560144,225.6660450950397,115.71859553593782
183,76.26495959266096,9.955536551811717,3.3110713807270886,450.36313359689524,128.34420803376986
184,67.65748057044345,9.448028051119206,6.408943647623032,399.6900158662571,114.09909350279226
185,73.83756413746028,13.238849445459971,8.943690319674115,303.406025271643,111.37937435538116
186,72.64993439834336,20.34273463577328,5.659005305024463,633.5874962951153,112.47895372848599
187,54.08852905785146,7.860283597273121,4.912297565134806,464.67203075281367,117.24645484263095
188,68.96556586022108,15.551419494349028,21.102645186098982,195.00856508056555,111.14342446018976
189,62.202573335169404,14.351079455091668,5.5093662559511865,662.9516036159887,115.76108474434358
190,65.5023298374874,10.463408756256102,5.902650773439359,464.082835271219,121.39492242262466
191,50.805976698800315,8.50274847122189,4.699106392186753,543.746475094822,114.28755070810341
192,68.3031860327554,9.987024667995726,4.5548882781137685,534.9992140555463,114.17074107411203
193,60.88445480685942,9.147747187275737,4.936139890438214,236.23326000846257,115.9396003237019
194,95.29153093183434,15.09256238052842,2.2634937451165387,1042.918473833155,150.29456544683435
195,60.7542709487783,10.24557035642991,5.268822451812884,468.84402313394435,122.7240565910608
196,54.136513396858604,8.667329178368881,3.7306365885887445,653.0843541143599,125.3106012176118
197,80.4313216691781,13.809160018641409,0.29696917753389585,253.3236377918508,109.02380717212836
198,54.65227264919988,7.914054123551495,3.1082955773797387,1135.5766388216477,117.70767817322285
199,55.903661594945476,9.637644220496345,4.30586674695622,463.67683060975475,140.85254449294365
200,69.15329987868941,14.308081731460693,7.060672605221887,436.59983457366445,127.0418225490855
201,77.24812545244828,17.970458501509842,7.255459561514302,432.2043570086681,127.65323125011197
202,55.87578240488321,8.672150513125676,9.178573242399835,362.94493215797297,129.01993838689555
203,70.93103851938598,15.800427563545417,4.656649158304478,708.2101318836084,121.51889359983394
204,71.26698877630771,10.831059542314987,0.8449638441093017,159462.94405222958,130.85089593490116
205,74.36637526198365,13.106860842991775,21.59673650837118,214.43201579620677,109.42173696707691
206,81.38353414196169,18.188861195256067,2.9219598765910555,364.56064152553415,150.23174170328943
207,66.0327690946976,14.066094096628792,4.706297863172132,869.0566498787587,128.54908349138694
208,68.20155150044553,13.038626075372784,12.348244374861702,283.0076574741995,119.41950148013157
209,60.62494293320263,12.695926684202478,7.705595302037002,334.37165894956917,124.49339570278454
210,72.5218703400762,15.432943685224593,5.419965363962361,505.62878621191254,124.19765979389162
211,67.50324506468152,9.821647974303298,4.191676595577037,916.6188788974506,123.40831855429738
212,63.05266604793973,10.412454576578137,3.5920230335501433,847.7782407713188,117.58938013099404
213,79.79483620618181,22.65085900867763,4.723966890918083,565.5687538011772,119.7443063257069
214,60.28568149991131,7.6042078923381995,5.302489236423613,469.0337087015696,114.14922341984197
215,62.82337029625545,7.682501267677911,6.577086676497695,351.22640241331175,109.90458133552164
216,74.29185712794445,11.158374861729644,14.684784847325606,182.97807517034545,159.51168973088528
217,77.41324315317587,17.461675248975197,5.3531493873345,486.09462108066873,120.66493073077349
218,63.57112178916027,8.778205949321817,7.726181109238342,228.93920374882916,147.99509440416307
219,56.64963842653249,10.189937489127798,3.148132504588442,1860.391261597331,110.45786081337765
220,78.92315541113865,9.181100640953952,10.258834980402701,264.9220281472135,126.33317591942135
221,88.53278712090581,12.655615739414209,4.077794503034462,433.5563763630218,132.2445666487929
222,68.3580969516025,17.411604152304303,4.855136729146727,550.8830387092886,116.44080177848443
223,63.9978505318999,11.689350513596118,8.300824275298067,288.24862232298784,111.62934347926976
224,122.83910526195868,32.124596991880324,3.696807892126398,413.3771897093529,159.1324038543059
225,68.43376854962396,18.332587010262795,5.68759090241525,377.5859433436658,115.5029242464
226,63.64137744572502,8.118649078374212,2.4458766671733363,1076.2974566905075,145.7904113295916
227,58.14238840017528,9.759528058326296,5.020722921038712,774.7860716532192,113.41611506470826
228,79.77572456400213,13.996947833402828,47.472856388115936,233.9524629029964,106.33214578363406
229,58.619633864926655,10.9916895955831,6.317257280515297,552.2461431992084,116.71943438173396
230,53.720072695687726,8.637451103444034,0.482515952169976,256.45047437235746,110.27199877568927
231,65.00403803530793,9.833521650083203,4.826106509563813,640.2524022905164,124.4663518143988
232,55.48158073564335,8.941492069032158,6.47545875810244,325.329452363812,124.89334638689868
233,64.71729630217105,9.445235995379244,3.6496813503649297,1186.8847434230568,113.45225538871597
234,65.27526618006905,7.013868998232043,9.006258543330652,307.7213508481716,100.16020525431708
235,64.49052093304081,11.691420969139198,4.958525353934694,538.4288977327343,129.81303014720527
236,65.9353292591535,10.577430812921904,5.576556505956616,487.63884816756564,123.71000759614401
237,67.96426945935936,9.037546800666512,8.51809176401659,225.8503293085007,147.48683881433934
238,53.44248417669918,8.219533339897692,3.5530941981750512,991.8639831933995,114.51310098795344
239,63.60944179688115,14.84055375003569,5.6345361709586115,376.1955218325632,115.54380572777109
240,71.08561376816706,9.4884844126532,6.378507411916693,385.6452754235456,128.49440394204655
241,75.44548197090481,12.505642175725109,7.722022520503898,336.28017958115055,126.98753407758143
242,71.61438735989124,9.952582714485677,6.286172102190833,488.2010270949957,116.00257371020938
243,63.18483928283577,12.381624299734414,3.6864189818238438,754.5041552364539,114.16524838418586
244,66.31623093486213,13.328367987341942,4.70210441815611,539.9932381307203,108.78619548975799
245,72.99455986242926,17.182055539003557,6.076711510869601,337.39469415838687,115.00903821615412
246,65.89180134244468,10.190707735563556,5.516487217673387,370.14969314835946,122.58746652790948
247,70.85685954754537,14.710610009175433,3.9568710317541065,446.03432794594187,117.74594157122911
248,57.699644807257954,8.361553996050457,5.619836547421581,636.7175039423671,113.0219396232492
249,60.154771229360996,9.284057407062898,5.661776567539332,633.4104484760321,114.9827642716516
250,71.81652142877591,15.288020596522312,5.469291470826182,581.4697790054336,114.98893917399023
251,70.24945186374063,16.496750854786253,5.052852173725568,600.0386079716089,113.93777856753162
252,56.128914213391866,10.041519902409114,3.9565355567864366,486.7213736680405,122.54722203758338
253,57.08462694344476,8.823419541456138,1.049450851893802,252.65969818943498,109.03100961704189
254,61.72878240689238,8.627458060709996,11.182439202437253,248.0892907190661,98.33468648711431
255,66.66858867074771,6.855868968251908,5.43380664795224,332.90126500057147,145.6022465273631
256,68.03013420415841,13.096400375829946,2.872024913779141,738.3792323881665,145.72181203045864
257,71.87292583969905,11.616979813642194,8.886791807863808,204.8510517840957,144.5560837311711
258,54.456723660146366,10.541222241285492,3.83241598834616,963.3468575737089,107.03262746294877
259,62.91973876553297,6.832196966260108,5.873279062679498,485.6556462015237,105.67362375318993
260,52.867641874027996,8.52069004663213,5.117630925736421,318.05034973586623,111.27845054824543
261,60.468476708026486,11.15871095677547,6.696560408424009,438.61671752772827,115.16286088370629
262,58.57080180371852,9.69853930785894,6.7138223318891095,456.9392757805055,132.8200053644971
263,71.09156393745043,16.275713605679474,5.272720278111603,550.6665831106509,128.8957526549795
264,69.69389938301067,24.968464182625254,4.45793764851509,765.7063705148233,112.54921210523257
265,62.061582368301245,18.36551695063949,6.053071554288736,632.7742270131947,120.37413448722019
266,60.526197842956364,8.768326755550108,7.810729212974263,311.63345045659946,121.65261472809438
267,61.15802395893736,17.390753410626303,3.698426021062308,888.210873711311,113.74273964003024
268,88.0580890316555,11.510852843200146,5.410790531812267,347.4384046895452,124.32227333917837
269,47.4516481897825,10.074470619593752,4.758899495318688,425.42711731827615,141.70609549968995
270,63.216075699315844,10.58335743482924,3.67447479360706,981.5316581801058,117.4081487282035
271,63.7682081353492,11.571568154741744,7.930998610325876,256.158377922454,157.35229217780585
272,61.860836356981636,11.80002971156432,4.108305136524728,779.2433835656519,129.61918422502822
273,62.10234326035605,13.936355241545174,7.347189856310814,432.41839737040584,135.50213866873926
274,95.54893488176039,14.080510717906304,6.860121554455574,211.970205861233,137.6818072252582
275,69.47781434463695,12.627140558688163,9.299756101843071,303.1749282046635,120.4224321247132
276,61.680603934579686,9.138113726772234,5.048877743118302,739.6245059022092,119.54924453546543
277,65.2635737145086,10.1035882779586,5.533445264537572,512.0441761168485,128.52457228599698
278,89.19443012079213,12.910074720539123,0.32290745698705453,234.00320870710323,154.78768416864256
279,60.20572437979266,10.422346444588593,5.281487500558042,564.2071320832628,128.7582703122379
280,70.53514030574897,14.665011135637826,4.60491037722002,349.30809651555694,117.5768088389563
281,56.21593223605925,8.160410232366173,7.400841637052655,347.41455903886225,138.38162514013783
282,45.23595134631233,8.32828269671015,6.598886224089005,399.11842020347433,117.26715052982762
283,69.57718177622938,9.332151846253407,7.9940710893662015,395.2294109175616,126.92683325426472
284,74.59543921336238,21.545218943218448,5.078198215462285,602.529663083019,140.03369134293942
285,74.57251411783072,26.093509741527875,4.952306019476911,720.96784076231,129.45828395510728
286,47.162365141972806,8.262953991978627,6.677215115324094,389.6660874275529,134.68133088597745
287,54.25401841729724,7.140576787611427,5.141317958421428,595.6311081173475,114.80095179545036
288,55.93581584202608,9.258314532247272,3.9974479216306764,626.9466683317053,134.9349146523486
289,60.47016010559579,11.399457367714158,6.655173494488578,401.2386785443939,135.66447183259635
290,57.77072838689251,16.545596321416934,8.81784701583113,287.2774873968392,133.11925100022626
291,67.0204248816057,14.780512425513118,4.719794722592051,807.4686887777718,128.95337204114634
292,129.31193826254605,31.106999838359894,0.3003260505244203,237.38144784649245,154.43313637955043
293,62.895079380111675,8.728906825291094,8.32969026970379,228.32886756249172,119.8718990086215
294,61.10665793749029,12.16576376133933,7.646269835140668,355.28185837350713,124.35784510731028
295,57.19899283510401,7.50077469454098,3.883295400640706,709.6896322953855,117.33998487856569
296,56.16474691725977,9.322880976582566,3.7533532032877512,1015.4201218843416,116.52687036305792
297,65.00306075188836,9.462697839080997,5.707328414867576,324.89339180442937,144.04321073328745
298,51.563991966237865,6.2760566319588085,6.801880490716633,422.56163993689484,116.3387474516949
299,66.12022150626905,13.348637842893437,6.265449309052685,423.27547802245357,119.94552366302138
300,104.60187661929052,20.369566798654162,5.04283451391626,322.7503354224334,133.116676108147
301,56.26173038340634,9.958520638770446,8.144197552338806,338.90075261216697,110.63621666069056
302,71.07687411243889,11.473774559325959,4.489470203903643,361.85114498210925,119.82540398961366
303,60.36523168467165,10.196674843901564,5.525866728660349,622.3856621770617,136.26377849129454
304,80.59377244550812,20.178736367710048,7.877607174389202,361.64530914845034,121.2354966706903
305,59.78110831848747,10.229690506736155,4.364802367945766,562.3201791542923,116.42211724363518
306,64.94826317789472,11.540243209180737,5.605821110696043,354.8110231678244,128.3668742249998
307,80.38369134395799,12.460877994202983,4.670287037475455,426.0329879616132,119.3041837279295
308,101.88739917058092,15.34814213065719,2.61649068148152,368.43266953097174,151.0075317831059
309,66.89546560079565,17.08533702345686,4.121172772924194,769.5843530994882,113.63942551678166
310,82.85052613306128,11.716526067937247,5.631907546839806,457.883659344685,124.6074162435098
311,67.65134740973781,9.210671634356467,4.115394635792087,798.8958933625,115.76308587444986
312,71.38625616540772,16.958230414399036,4.808310816204916,484.2691452438513,139.5495921527254
313,74.67571464308081,12.573260599790366,5.990082892537476,389.03835298016554,120.40002124745573
314,86.86987899377489,13.211227411395438,4.607351984384388,569.1483223375038,150.60394628744038
315,53.35487548282199,10.864378702064538,5.292585039977883,647.3023972955693,110.98611657968331
316,46.3693392345143,8.62566932513096,3.8478270664719862,869.4869714588169,111.516243796086
317,66.90755799542784,12.802092638112269,6.7184432944490995,461.76977040961026,107.59221838467707
318,65.4196079008134,10.532065072146533,5.719913951920388,149.43365712521268,131.1656568591946
319,82.83785685075784,24.74562296355457,7.3704757624979855,526.8726041194435,126.60901550530302
320,60.294090682852755,10.858971025457206,25.066181370919786,235.49616287925392,30.478581990552726
321,64.71862018574875,8.06877913177082,6.027286456791221,429.6330746052786,138.60893603292143
322,66.88008991420958,10.104580014254715,0.3604743045930121,255.3404050296648,110.21997220253968
323,60.33295098785643,11.986413612955355,6.123333952076993,515.325653124118,105.98370489233297
324,81.8665011871413,16.058572986041845,6.883084275165236,365.6736878907295,126.05595455315594
325,52.88060708601045,9.760575619052313,5.599787351144414,421.0543013595283,116.25621008646935
326,66.07066819478693,12.480989570921176,12.140913632155183,219.38825224812038,108.8491680275376
327,72.36939806610265,8.053274660302598,8.439190207676981,283.614810946509,106.05815305658896
328,60.88713890389497,13.176738113368454,7.182388855771304,372.5178777376883,133.78784653450202
329,53.98844255474957,9.825408870610126,5.088801630428678,489.8469540350317,110.96403513419884
330,70.04946360135894,17.71789767296523,6.288404997965325,419.5285408092292,129.12588957616597
331,54.61030474094476,8.31192782253848,4.9199958713114755,788.7368406612973,110.37215340764949
332,52.985129988667396,8.0660992997382,5.742605974802055,378.43556898898987,113.86246803629061
333,63.26646674597619,8.44471298581456,5.605289631767189,543.5959128912749,115.16601800863526
334,66.48041990802015,10.237240424324769,17.924427613501287,232.08428241677606,111.3256021653948
335,58.65771149880158,7.337427002986347,5.754161178271333,327.4637293979325,122.35332947537262
336,61.99754245880056,8.520020184963858,9.477725148113503,288.0007170599447,117.45611939002744
337,59.312503848981756,12.2548707672181,4.54362032424521,691.8033878915668,127.91487303686044
338,117.86475478847733,18.12122109477656,0.445479435082035,250.4027158991921,106.58018859784531
339,88.43880634921994,26.125489038304796,6.169387812072912,535.2670575550862,129.3908305342558
340,63.69756418833063,11.843805971813367,4.6006134233559495,230.18142137563518,124.61119073370283
341,71.92877884704157,9.841978034828548,14.831425457071001,255.01036648181253,113.47929755037828
342,53.989195336304554,14.749207135474787,8.399141296451173,287.29750567497854,135.8560317047382
343,75.87628374551561,9.625964251030668,2.839499931075912,614.5958951547327,120.28921449117144
344,68.57975179463558,12.998273804297048,7.483698213521251,189.8860627507359,151.14487930288735
345,136.20673220132554,25.324476233926262,0.6101740420125381,248.5000713889974,105.60259943307905
346,70.18822780066046,9.61342049896531,4.783964299709738,477.61939824209185,117.93670618366058
347,52.73787822505653,7.5832808244936665,7.8316214915929825,340.8520272054104,133.04630621599105
348,78.66319950464118,14.191494778833741,6.395998093238049,374.30975604520006,124.41756781664895
349,65.34496379360642,9.209647562665776,6.033344469518656,479.0801548878124,107.67440220823813
350,63.876596359862035,12.449611621747886,5.419086116031136,457.10383499087277,125.91118061470087
351,74.16579231162275,15.013578569264299,5.025123884945326,443.39455531583053,120.28475799677456
352,64.45638843665745,12.320141163340589,5.433539651657548,461.17253201632786,122.12511273516327
353,77.520348807416,11.718450319262589,8.07698702764317,256.8709291433358,120.94823211669218
354,75.11980422695696,8.231396304614913,9.13154697182182,275.81885917981384,112.28652077111771
355,53.704265282083384,10.062567113679044,5.284649497597963,629.7062412662233,110.79758370249877
356,51.159720239419435,7.929054239127326,6.8844775445320705,481.43996352752947,121.60210275763234
357,62.1322843407977,10.217495735597195,5.8182220253698675,550.4568485927066,115.16321141694783
358,65.30678241224456,8.383482861768075,5.576268057589805,407.183747339209,123.77188919179098
359,75.67417247289286,18.539389864701853,5.579486377036521,536.6025155400687,116.96529390861554
360,81.27158634100681,24.849223135641864,5.664081703223822,634.1797493994815,121.86521180595749
361,45.10457228347176,8.738132517692694,3.6251080302693905,783.1013139889384,113.639473000856
362,66.06062072557776,13.840952013030764,9.26420081084787,346.6638653045374,133.34727273279907
363,64.31467796166169,9.640082684935832,5.392007175932755,790.3077420875239,111.18195487579099
364,59.53589040505185,7.71780014841015,3.5718095058281696,674.8367772855031,146.7724450041389
365,92.11564797620528,16.88595498741295,3.342866999490469,498.8833386820962,154.4078252275043
366,68.61310579328347,10.404179513819379,4.403717153735193,451.5342300689498,119.93480047941382
367,71.86181032146406,15.30573090599932,4.882257294661516,515.258849660595,118.73975601145794
368,51.925985957537435,10.674714430955012,4.917448579622385,481.1048881484785,111.2145174929069
369,50.98412897270682,11.145675416789697,10.235387999448708,266.55085461164896,118.33384998741137
370,83.03997366642393,12.827155834578786,5.833005121864533,415.61902322364165,152.5964819732491
371,63.507549270854604,12.109436073149274,6.745141298079972,387.1779513813346,105.95138664793343
372,72.47576359601938,14.650269693392529,4.709319028172471,586.1603108759996,116.22764042195428
373,66.29513971966958,9.586799716385121,4.662729206217015,481.1058542664142,118.12532882080473
374,56.51206839184314,7.808752299039933,3.546084647963745,840.6280058996507,130.19539018742668
375,64.36557589036124,12.51977166589488,4.208035798480796,677.3705894409746,129.20521153255564
376,96.9286824774091,48.432028904863955,3.98484715182915,1055.475673618498,113.7420906824071
377,65.32034809215354,13.370659155810788,5.20573263619479,392.31268486575533,117.83636113170151
378,95.30889469005025,15.480857138922856,12.143728905800025,248.0273568622149,108.75603734278047
379,69.35399209869469,17.147216367180498,5.004397442912841,652.6960068766832,115.17244598049828
380,67.59574713989007,19.601372214198904,5.949684590611689,576.75719027274,120.00403673019859
381,64.20856723594011,12.237024216271845,3.301714918612714,177.91807034796136,155.27364551529075
382,58.33185661069215,12.826514888448095,7.159213355581611,544.4595873851041,121.6579103409723
383,63.61139877831332,10.09992728746501,8.720803877538295,285.91728230715523,117.90114265490193
384,72.72771783259924,23.43525021652825,3.889802113592971,1149.4798456538595,115.04458075670934
385,74.96923923202196,14.163060875018035,5.312207916326194,457.3769161404225,125.17377580346378
386,63.07204613218409,9.013983131100309,3.8197691359580674,667.9704782916059,125.38345066705419
387,57.445590321853444,9.546760465613485,3.8025966748813897,889.735416390447,115.3732562950187
388,93.6985032607475,19.910576599990634,3.86486880950739,589.7083078300872,152.36547402785857
389,66.68150591383593,11.815421971862866,21.25316334239459,220.25504934024883,124.45922757502989
390,56.53308882220589,7.999734573892636,5.964551739994365,611.9599380192038,126.16902737946398
391,64.4838307972332,12.918785390694255,3.9757781299128823,936.3264310016607,113.40544504266057
392,60.90782036291059,7.196286978210039,10.235714404824394,268.4215849647527,121.06939316864629
393,70.24872221974192,19.030506132804057,3.702913452536966,1273.5349628438057,117.25578977388544
394,60.91838393435415,13.48319885143047,4.486001540895346,556.4056893012071,115.46095189186258
395,68.0876596855326,13.97714780941595,6.414992090742697,427.10311344192127,129.14596468075803
396,74.84018392777763,13.184302269561,4.28469704034777,505.0666989673859,126.2053432717136
397,86.51815806189516,11.64352769450767,7.59521193696893,332.125771829671,146.78864815258567
398,65.57993155486548,13.802061488713072,6.827578309239375,469.98716579122595,123.0709808415344
399,76.78635571230363,15.2209287693249,30.801330703758214,199.81084788616317,95.38529166493507
400,57.717367705980244,10.138048535082932,9.642296105729208,301.864870315107,115.04039996572315
401,63.3488427211537,10.650929168285318,4.447716222660424,454.04305389431136,130.69526440967536
402,62.15183875368268,8.921507612112713,5.566038408569992,479.4298400124344,130.36659581294478
403,75.99493101118843,9.089383134951412,6.639807063054258,314.2052989085828,112.47647136216015
404,73.75929548029657,11.010308060224594,5.482073992991322,494.2267193456827,133.4118963481421
405,79.5166837271077,21.270827556636558,6.2402441674021745,356.6899449903915,129.2433384717294
406,61.87216013362239,10.141073237237931,3.475428096415302,670.387288094139,112.67735384993928
407,102.95000905626384,25.622229039826546,10.36742267516598,261.33868334998954,142.77906887828203
408,66.21464925152738,18.8935256477746,6.0884458055122685,470.3903336509127,127.27717191200855
409,63.67115913901311,12.42646903540766,6.1686443515824525,439.96736068712505,109.65620644009024
410,60.707170745388,8.279005931317952,7.392236735488523,368.9032682638182,109.42674716362612
411,53.77240000279913,6.848697775214066,6.062621109982052,455.3887976682945,110.20785043576764
412,58.142044718010055,10.079893163113786,12.263394656595217,254.8565655770539,129.9402630436005
413,47.81192219701089,7.114474206029543,3.1370300624575536,1318.8286835260662,122.67977967210531
414,76.3202099747962,10.46644444616594,13.424923629546344,278.921374983252,70.5846208021371
415,84.64826288930023,11.167064697748408,7.469202747865041,256.76730485103934,127.53027914498395
416,74.11353129794367,12.951419010945761,18.90979230801231,228.12379115557286,110.27215055187247
417,64.81712493785845,9.479209350643144,5.229948127493426,470.90655781243936,112.95479212854912
418,65.07528155238205,11.818459970144923,6.294265562567876,358.2643698368314,121.51053610552319
419,53.16208799147183,10.30776996231021,3.770005963823578,635.1186892762172,116.73784631573564
420,69.81867386488314,15.010132605027213,6.126422706793644,492.7500634744616,112.96049851057273
421,61.47284380299909,9.720795415400035,3.359184864984665,1078.2465978591886,145.74265342852834
422,76.89874521471243,11.324174083578919,9.167894411839995,320.83861276625,127.13282061259642
423,63.866867176257735,11.367394690831546,6.659833098766678,430.1532033683145,107.71027674275973
424,63.15938086071857,11.939927958631287,7.574762247499351,445.6048606696333,119.80955305446844
425,74.16205398228395,18.830903606874102,6.209250365603057,601.1010190736135,117.57630984087683
426,86.10317920686784,18.037341904003302,3.235403611573465,751.1458657226289,149.7325715931477
427,97.86941931359944,19.978999002910687,5.155585101466554,337.7363294326973,132.13609924987333
428,66.29344246479266,9.84477678754789,3.642417162058735,559.8278156593041,125.53290587792856
429,52.20135876700781,9.111544128271186,5.618727591503766,447.6133005087051,113.3154446003473
430,60.93959885763714,9.145134826762884,57.935540137046175,168.10614446237742,80.00707137633421
431,64.44517383456711,15.231679030134416,6.0952695152577085,391.14823580283695,118.12962674274503
432,69.50494221524166,8.762019483950521,4.174661012640336,630.5946988629125,127.74897826980657
433,68.69089035376884,11.894194265855447,4.957504393551735,620.4609863561527,121.49847550595481
434,79.46379664071924,24.29081414728331,5.20438336068786,566.2449677767704,140.09711053023207
435,49.73724676613935,6.0510745323695,5.87579835468353,369.1962310646622,116.59494925730164
436,65.6912065531403,9.60274770366806,6.870671052979259,391.2611499336356,108.05640517842714
437,48.94789119073207,7.022695311580455,5.594928335983851,495.2703804211162,116.96010526547187
438,148.3598626261217,35.40771227223937,0.3286377207143535,233.79975530890843,154.30092591350882
439,61.26196554833931,8.11285159941712,5.096924415326616,513.2195355768239,116.84345081661131
440,50.41752556700394,11.769359238378767,4.229196873580376,435.3846583058216,140.5909265730878
441,64.05035250046629,14.60923989683977,5.2214386180987615,608.440111589781,123.23327848657667
442,77.54177633963035,21.115186345888013,6.014628993630693,578.3609843810398,117.24184356733586
443,66.20697405377929,13.639078194298333,4.564331013476736,775.2363461290926,128.8253853178668
444,70.3208248477008,8.667772223831516,6.207713232698594,429.93292464921467,114.0194023948312
445,60.2576704564623,6.82795448220143,1.9057470194734734,2954.144112565939,119.88298818553487
446,74.84572023421893,23.707822465386375,3.8732400314069166,694.4817685131181,116.53022382419041
447,64.00473253727148,12.09518943972905,4.35335524427831,946.6549470695703,117.69337113061849
448,62.026902557567006,12.883520490536064,3.738846246691104,1241.7783853300627,116.29809621883227
449,58.58100566991544,10.22005494148195,6.258449754012653,464.57357120040797,114.85553150955599
450,52.19930517597454,11.02161124119693,3.744690750366101,840.0465249419001,143.67882716448472
451,78.0843676448078,9.746265112333422,11.934022531374305,282.34874992449016,122.16758913986253
452,69.24214657011348,10.84989885920856,4.244934229489424,614.4046271671396,116.72695735497865
453,73.35588076250855,11.245767892066372,3.9213080762172083,894.621263601495,116.42340686568517
454,59.295792602134654,8.828953530914209,4.656339559393932,414.7922596943781,149.53025984437946
455,58.30163604024947,11.444112180660994,7.278014665793837,453.46010086864936,118.0601053247371
456,84.08403233111467,11.47420685508836,6.378965536512631,364.10347860927476,126.85170170372696
457,76.5040640794601,9.835103979032105,12.769772926897948,228.38409517692395,108.50704961650534
458,54.152175180174474,8.207797871150694,9.900550088217134,284.44949749647526,120.10888264624025
459,62.85993155170663,12.33753329767401,4.139485017699838,733.811737621983,117.2817117084788
460,56.436467016981126,8.82438216430755,4.673805575574628,594.0016961505919,123.09498513099251
461,66.35450680860892,10.14923076625521,6.2397500411358955,436.2429900371479,126.82373404337682
462,50.03881871393841,9.292607414230137,12.239307280441626,243.45544135248196,103.73271800957424
463,66.17673759328233,10.720513474397473,4.749843157398727,837.5313195670326,118.8330448834839
464,67.03461729016367,11.428509611419953,4.954859913892878,546.5568534659217,128.83563204526922
465,76.28320759792128,13.366828520013948,4.702127294708352,700.3813688302678,132.2992399217352
466,84.27383405607094,14.801008465219741,31.879676310900344,232.36181574992398,6.0045573657672415
467,47.55750328273442,8.968042286264074,11.47981932513175,302.6802014923786,122.93311121845029
468,132.45272536015568,19.558589232965375,3.2453153761256432,591.2954006900792,120.1125091768191
469,69.72718286272729,9.992402145376806,4.463106599663774,600.148870920849,117.17443467348397
470,57.93566978348562,12.231218865925703,4.1469383845560905,458.6580512464009,125.20072594854977
471,53.72143824772243,6.636332567762802,5.336166462960536,503.16376056937816,114.11916841318465
472,60.299081722328985,11.254946763708567,3.00289455559016,1349.5501295733254,118.07853366345519
473,60.41053228359416,9.06908428609694,11.007551877132855,300.958549109502,115.27170034345704
474,83.46793276200741,16.20659202445275,7.311913950173424,310.3096671009527,151.27354133198833
475,51.59045754368529,10.185404324401325,6.1144571038306506,548.6934207138887,116.80656943519037
476,80.00892541645588,11.264610350645269,4.386604723750535,520.4864933552938,154.07324690853363
477,55.213373898017814,10.505736092318573,4.7638550885824476,486.0091231550639,127.90759208706491
478,75.5817112813589,10.282538539199257,4.180293413310129,628.6724660986044,114.59547855562408
479,65.12505234328381,16.1726083912094,8.082162150538492,295.50963259423804,126.08891149330422
480,105.8207792468336,17.91756587368029,504.9041268485741,198.47457264038394,-1664.209206312796
481,51.74575129498205,9.48859147760579,8.127872774293094,307.49554681301424,142.44867646311775
482,72.37944468544241,13.393865452169647,1.0677191608019914,28746.201275872874,146.75849422244923
483,53.41680513409509,7.945926712882076,8.861838929507334,217.77940879494196,114.47039863044424
484,94.50957408161645,11.593375766218424,5.530836750777231,361.94924416150775,130.41658435170586
485,59.153923910738946,11.574246902330732,6.511700846491025,397.68424301928815,108.19976917968242
486,84.60423070876041,11.864516898482384,4.326654089481073,506.90076343423607,128.80730470490565
487,52.906709479787764,9.47042032820804,47.634943463056814,233.7937378995768,106.32670978451631
488,79.08996275606727,19.509692730164847,5.426449131875001,541.6512637519329,118.24665490222944
489,111.50783836416551,15.855141279153742,9824.283247297524,159.0195978435877,9201.255672109452
490,90.57094813640768,13.416314718583147,6.592588624975041,227.70396042495616,128.62213631936376
491,63.43935494076166,8.219663198520525,8.036671826633453,296.06727451461114,101.47526820028652
492,74.6488698036257,16.780965460114842,5.710744524764547,433.9071226191893,118.23879471155803
493,58.04383559573791,9.864584044014382,7.444757156057888,451.9520257259964,117.62989378267419
494,62.474151463434616,10.410847703747505,5.436294662962769,355.4366264300104,128.59409738997024
495,62.035923559587,9.936744276106984,3.2155310843941134,860.5586111881662,123.44204702978567
496,51.62963088263804,9.083471663848945,1.080185234536594,34497.669622581576,115.65176303554207
497,59.271640945809075,8.749855340127207,2.584663614061957,1255.0863530351876,125.39479699294711
498,69.16960766226795,13.625406898789056,8.510828505318402,310.78678030885385,111.59368228551321
499,62.10356099295225,11.084391542517642,5.73714286357423,461.10280495987666,110.10430085598085
500,62.227674054355695,11.270613896838205,3.4958904877884134,984.7223345582252,131.0440510612511
501,85.16265274561673,14.127079109222429,6.900492403025038,350.82002654251454,124.10043511232992
502,63.06658495302044,8.89023305061257,8.612589660698495,355.18412656915314,116.11833932856318
503,53.7877405097319,8.721575670844961,27.441156081579162,190.27762871592,74.53947343795454
504,56.6565405849815,12.454426788287673,8.094095913232294,201.08519524516078,105.30563136835174
505,62.92745825337137,12.04479935412325,4.604057946978641,723.5331074192206,122.14225130319113
506,65.00187586609489,12.689997110157512,6.178164469307984,490.44219252980406,113.77045081742813
507,65.96586298574427,15.490269422431986,5.218599934611635,518.3855589165545,118.23794301504037
508,65.84462400253655,12.474341620102985,5.297293959998015,393.8767688688632,115.0946163909679
509,52.59639474887996,10.946140834227114,5.775797961723418,361.0786071496907,136.72334126053667
510,70.71668685176247,15.24882189591294,4.748573165961262,544.195860731546,115.53385429876181
511,61.837090141510586,13.92481479410947,6.275248350161455,457.43413887211335,125.98679729446553
512,70.61930562312651,14.965053884403487,6.519936957837532,428.00047617517754,114.06104984725611
513,76.22022126455278,14.757068089280795,9.487889896557775,297.7020800491369,109.82508430377023
514,66.03268504164748,16.717557757638357,4.114707676974633,903.8862739191261,117.32464464617391
515,54.39130242413354,8.533753206644382,9.816068061410931,318.11722813844256,119.57185286899758
516,50.134612304366655,9.09977676778892,10.190129577074,301.8188306162894,132.7962463558669
517,60.210515429893135,9.744392517074512,6.5240305918060075,416.1933147825134,112.21621057337859
518,77.47198497388254,16.60657065646806,5.602789398409682,364.82496879960286,142.2858726842905
519,80.68246805761889,15.20184270609658,6.550113144113904,321.5411779805189,126.4817124658645
520,49.62613437928542,5.336260452958849,6.693140349836895,397.0787056631609,117.37874737526495
521,63.28824620860282,13.80094119866806,3.962159745121604,841.2888242357789,118.83140420230077
522,63.239109277388025,11.196264075378396,8.223892447012533,280.6125808501005,104.59567392529834
523,63.92477951432413,10.907429153259208,3.7648782730041606,1397.5659490263051,119.44754826740669
524,52.71805588282222,8.992477696861744,7.765118513233459,365.9476964634197,121.83866348302769
525,67.28406661895409,9.899056011972714,3.885745656535779,642.9264436792643,143.0171523263043
526,61.796240001998186,12.28756315572542,3.622967554984606,1077.342211588849,118.4953391299455
527,97.59081043524812,18.373026008379576,5.2210300668596235,456.62027901694074,125.60706347067905
528,59.45212268745157,9.695280174356753,18.520283376150196,256.97657995947975,117.45898453914714
529,60.623541625888166,10.40934083183833,3.2688116522376043,1241.2577487998662,120.9675936037923
530,52.043155790899675,7.0342600621853855,8.021674286668704,267.18898033063783,104.41973229741393
531,57.67425170113445,7.971891537788125,4.2045418952913165,723.3022972671372,116.26320723574673
532,67.95597329126065,11.599401391000136,2.66258742735297,697.7440570373303,144.24065356227206
533,76.42505929760772,13.672013741049353,4.3089386507571135,645.5747321430686,119.8981297035946
534,71.75533329386164,15.264885954123102,6.351587149561792,473.4645859633796,134.9337934920009
535,61.16808432361936,9.863176201760345,4.829542128349314,481.4803540612588,127.81938138233497
536,70.93247476730417,9.2114193376622,7.419901368529191,350.98084025034143,109.33097999889769
537,56.61687801402707,11.566192793220036,7.793342779740901,436.7333681772974,122.64321095818809
538,76.4885757845135,16.410630802251916,4.026248169593715,379.76628182342824,162.33178312652362
539,73.03429931326173,14.433191173189046,5.463149621770058,520.6704853320307,131.77476236514286
540,107.3899898025635,17.795333219797925,0.35139859300450377,227.80599231799047,163.03891329875097
541,153.0285895227138,29.54757901414691,26.088550988398595,234.9330730825107,31.72026269576345
542,58.73800671448396,11.34143345489973,7.162829875548692,435.01667604298206,122.51139135516259
543,64.07765184935468,14.14294138236436,4.498564895475301,730.2218401886901,116.2140160184463
544,69.46185906199554,18.030286830161423,7.666704813917752,352.7451551907405,125.71401137568331
545,74.23332721269337,28.562495868735162,4.256583521108379,781.0915288892322,114.62602179764534
546,61.08857676778811,14.461431909703947,4.806430763673316,614.1067999892898,119.30973680883005
547,46.445421657752235,7.232274091515955,3.0839590761676416,858.5671481341305,118.52553922882616
548,53.039528480567846,7.74939403836935,7.702552443918038,354.7671755691025,131.59215055187528
549,75.5084922479069,15.673558588686078,6.804871694021735,519.2460176639188,125.84543411634883
550,62.32003286268325,8.703189457161141,6.623564920660897,333.3329518834179,121.66530930378786
551,52.94216098521453,14.425457569813515,6.428499789110749,568.0080729495797,109.81132333840503
552,63.79569772463607,15.252602424834178,5.572543257113754,538.6492148012165,137.6440774883025
553,73.25993244509625,16.568003794254725,7.866842275838072,336.15526038491646,123.06539740083294
554,54.82479524597685,6.901247646681714,5.868997360491457,515.9517474609694,115.77498182015921
555,92.61320686597898,13.709291428993096,3.92761993785859,488.08141808357425,128.90953393535622
556,70.0180653541609,20.07110573905013,3.6520106185470134,828.0633923158446,125.86440408427775
557,60.72577007469364,8.900022998604749,8.936942016857568,334.4987377178064,117.17454987666785
558,69.05716902555571,14.906391869838128,6.830770677114206,467.11497012997376,127.11286617701292
559,158.0740945392495,37.724798633660505,5.1686178810641445,203.52958868141943,167.26821768732958
560,54.00711155627767,10.803119783033837,2.7251722347796523,900.6897989119067,123.98639317562416
561,57.30774253117328,8.780016306489108,6.035057735179894,418.4833088348231,107.41708844191389
562,67.66698268267511,15.379096515366006,3.5793229670993028,604.7789103357896,115.65151921199667
563,66.29063384384253,9.144663947064714,5.99420568725884,434.18608555439255,108.98396160815076
564,57.168022935115935,13.716986829866016,4.334388300036254,677.5612234127145,118.20608585414509
565,62.741438475954915,10.830578077832723,4.582493018043845,382.6920327256929,146.03121905475643
566,65.34080785757483,8.124737564617986,11.845228862727522,203.60143325934604,120.67318439647725
567,56.58923176899266,10.641047068945879,3.507207847196055,1284.739279100845,112.5503943056717
568,139.02918517221315,35.214867643941616,35.219597401700696,184.1355304144938,57.80748892591523
569,63.83719730361231,11.070709245247409,4.571403676372884,623.2177354362902,131.2373344569926
570,64.30783704657463,10.638981358019599,6.989884777957459,436.90777980231394,124.50895052787156
571,57.80671327017809,7.767659978417294,9.00470660002154,307.8630696453667,117.43128241857076
572,52.71020297163621,10.337381627338175,3.88927727685877,560.6872625736287,129.71111526147126
573,64.07035154034573,16.487732185654092,7.131024290553944,410.92473054118443,124.6683321921204
574,57.45267599769929,6.608341821130451,5.456168042949576,517.3584952643879,117.63746294472217
575,64.08645941232808,8.537868571750582,4.223422244853,616.8599294660211,118.01113146666937
576,67.34178335572933,15.940585926923557,7.1590175673463,376.0736810908247,118.6543591748042
577,54.92164831993593,8.176549728895026,7.221258157049574,360.31494387439255,112.78632827143873
578,90.88684405347011,24.679566800305057,5.527389736963197,371.3728036454541,125.34485125128029
579,62.207803125983126,9.164556032231351,0.946862689337964,49728.146854144085,151.4378704590657
580,60.32024929917535,9.218367254941244,4.581851585703177,435.6584981712619,111.89902173579462
581,64.304595834333,9.116857567539894,7.904078523911066,377.36479749556236,136.28018478273287
582,61.60140180124553,10.357258948507628,5.50855643241605,536.1618850043064,128.5722633881233
583,71.2053467810474,14.407149549157118,6.164207185771003,388.9546842800811,120.2158863148442
584,50.02726078840315,7.494254808630076,6.3416252460566325,378.9254338602078,118.74609363335627
585,60.79855894784094,12.05026168887241,17.892911591570467,218.48070194945143,109.1452073545676
586,97.10850826899798,17.4008697027967,3.4236343712663992,660.3076790669888,125.70997469647357
587,67.56880013234671,16.494036373616392,7.498605926212661,430.5667152148086,119.0706180053941
588,52.71165917044158,7.807353713436594,6.855441828475994,403.7763832290513,117.60350973748547
589,101.07026292987709,22.152163280276515,8.287194162371353,210.94130043800914,127.34062465872603
590,142.45887337755175,31.48495669749729,4.538449585532626,202.40093378497787,163.16239681740424
591,65.24883740740617,9.892041584421285,12.336579425219098,266.14574236198575,112.00821394379669
592,71.56039711742847,10.387009397895625,3.1398358408132627,460.4194518995067,129.2096730908191
593,58.902298326957656,10.963793749447534,7.469375382694807,463.09810824721467,116.69686327466776
594,71.14768181347102,16.494226122210232,8.968781980674304,376.49040521411547,122.87304940611772
595,67.86955420508238,18.491960317173262,5.245343042141213,445.5942046273922,113.19964469122756
596,64.02391845473038,16.057827914047856,4.498579970901014,814.0252055794354,117.04745671319705
597,60.68577846301697,11.149417171639827,8.06803289379218,254.82104427483023,125.20057095437413
598,64.50497692971152,13.132758444033477,7.379626786144054,380.7278868315924,135.0953178911893
599,82.82366647387435,10.854632927721564,3.559728647164419,559.3832547753505,125.99759723812623
600,52.288314701695185,8.487598066959057,5.389189273430114,313.93733342057186,122.98920329351976
601,55.81411983552179,10.712812715965953,4.980501108418861,498.66527444121516,119.57564258719238
602,63.599245696267666,12.54376519231731,3.8503497047875714,1088.2882414615358,116.23586215069763
603,68.16820352282886,7.836546730907638,5.479085645354964,525.2065609465043,108.71034898102354
604,106.66890558220184,17.433898562566785,0.3938210625952969,229.39544873350246,160.02154598824015
605,61.97864973196008,7.63635236580545,7.907735545651214,360.4933583888456,133.709816195656
606,56.855764374233786,13.870470703814902,7.417442288137958,409.8300682595921,121.0547021020195
607,47.426699667320584,6.125932859895147,8.664951352054073,320.3447989730669,131.9346730439181
608,88.10882978226047,16.780162571471127,6.085374880883834,293.7030392978004,147.32251914550818
609,61.002114009199644,15.61655413698714,6.385936828695505,546.2379939530871,123.3017955366294
610,58.765777036110606,9.810330859359823,3.788462046648093,754.0314160965836,125.51227337498068
611,75.233322985045,14.490994892645588,47.723369423541016,233.71855871574513,106.31558784857651
612,75.71360301381047,13.995706173947994,7.966331854635931,303.8620924149786,110.89912690978548
613,75.72763341630912,18.86909806789236,3.904021280791068,862.942508155101,124.06387781027566
614,54.282035429613316,7.97692474320762,7.162929983722351,346.70544433154123,118.9941184602473
615,109.05731500629831,19.127575399320218,1.7702307594442006,891.626271282997,154.5559892060518
616,92.9230398088951,20.924849987470587,5.707385532498983,393.98835434434295,147.224784723614
617,66.05493262092435,13.989917731758151,6.933195197956068,434.48590664320795,135.34062569660253
618,52.57422300500874,7.844756665095674,4.368077892840873,711.696028955461,127.651688327772
619,67.92734322511903,10.033129288943057,6.135701062382701,450.65098601331283,115.15082717939568
620,66.30981578422475,10.864942246138723,0.663607999614122,255.53460769031977,109.81004731316791
621,47.55322645814898,7.02925195870841,7.706149903299543,301.1725911644333,116.54751579863857
622,71.65229645134357,15.22795469039973,2.9031899274058826,1054.0078058836714,112.75790438312683
623,58.86526806790117,7.467770820398433,2.9898243210432742,1275.7996956480815,105.46977908742093
624,60.78591985969792,15.399399875111907,6.457346588287688,508.1704564359854,124.0066925697463
625,75.48235402020872,11.502149093263512,4.937544306874062,467.51478719246995,120.70725329981474
626,62.958268311937665,10.45825711210708,3.4819778254337677,611.1951289437409,113.54042131213568
627,73.9416733989762,15.25548197638515,6.223829377497688,361.6733563132227,130.4847324313516
628,77.8829557849289,14.45799992670966,3.706890355770969,578.382946317766,146.87588743092826
629,100.5361965186044,15.280930346109196,7.647532393814227,316.5194953733715,110.49843697003622
630,63.924819832164516,7.838532467900091,7.385423528584192,368.80525071176737,116.3666213359399
631,68.52748089487815,13.191319609072268,6.814210472905306,385.3005582492166,123.41782619449346
632,55.714297013649144,8.551533610585233,6.1882805957103795,420.9106899508986,112.70500607068558
633,58.14649137887932,10.117161069639847,7.76239542582931,399.28567567715186,118.06378200600042
634,62.08658275669599,11.953372814706052,6.996750213426219,330.5142380023897,136.2835544906337
635,66.21432656578514,13.53138117930573,4.51793536935598,375.22809813181357,115.3741705470134
636,61.146535776957954,12.651474602448895,4.976461862966367,448.30338621039243,125.59988051672435
637,61.08128044536439,9.963976102781068,4.688201361677558,666.269158114357,117.4678114985624
638,53.618155871308346,8.02257802978336,7.062590783551474,432.82654184696725,109.60944284183093
639,73.70438533917745,17.57440265433494,9.915265888425184,294.0161811344285,125.25296830873657
640,72.63283423864296,15.869116163757457,6.649999761719771,346.96876430670085,114.76198613759341
641,49.91502964955835,8.09573823579568,4.144434551743488,731.786032890055,126.47508456926383
642,95.26290112034164,20.74368482824184,4.702474867005772,257.7677747405421,151.4285614876471
643,62.16017251067908,6.97345605668274,6.566676326510283,381.97798504147215,136.6135343185454
644,64.70711683691633,8.839994066425215,4.582706739413522,527.0579076289876,117.28360847229766
645,67.28668948583811,16.1630849858635,4.005933906538086,811.2286956469488,117.47122213009973
646,63.24114003583633,11.285081230579621,3.966871526896623,715.0278192564062,111.16023839147472
647,61.71403239205183,17.416549114442645,4.645226793912899,783.0667706916323,121.01153593639182
648,83.00916771368885,17.196360481385604,8.041782280576701,281.8119828267676,126.75165069088078
649,70.20083991377838,13.855382330291864,9.310886284214375,325.4969868899734,122.69153145942714
650,65.48097631273457,17.422077264293375,5.212943316990187,562.4550146294524,129.01610077545888
651,68.70649261369664,13.095699025083507,4.260426568676555,927.8332723532512,114.52471932577454
652,75.1433613954783,16.568296557072916,4.838760057873103,533.1168550128223,116.10825935756671
653,65.16463126369445,8.725379960023137,3.809735832681088,794.7536980081809,131.214542715432
654,44.36152066512283,9.43378287397083,7.722250532083627,376.52069847025393,102.40080224285991
655,72.16254861689762,14.404829022547215,6.247003634700995,305.72924194840175,117.09489185546215
656,65.41066921692124,14.84957139031932,5.51480051510233,775.7866909390794,122.45876989704394
657,70.42391190401182,16.190686801933484,5.485423134553871,445.67421504971685,131.11639080494473
658,63.95896589595148,11.243066910707183,5.00333542001153,713.3024582996717,118.40157972720162
659,57.72709228025005,7.132222963847944,3.2654376944338415,1118.4084488655374,119.35978307736512
660,67.87285603065797,14.100396845410291,4.717750067291379,768.5032893003873,124.814066208874
661,55.37536062328327,9.821315816599162,0.8385953704111674,591529.5396521826,153.9427090819633
662,66.90292991261398,10.132168792993651,3.997968198942506,702.5578211095835,131.6428004033425
663,64.19469771592624,11.769278639623069,4.4731440746917075,1041.524646626012,117.70773282213153
664,66.01074804768463,18.11809078946317,4.003962595726007,679.7719910045631,119.2088575597496
665,61.52684516932017,11.092685054080514,3.9329421421753277,783.8376922855726,130.72591191414577
666,60.977428888221375,9.092765231086679,3.709448257212023,852.7954505532448,118.94239619498269
667,48.34093519569317,8.197766795104162,4.404341873131538,633.497867063422,111.14678267438964
668,62.052892687450765,15.35252285521077,5.108938751705869,541.1446754251874,115.94470827430864
669,73.63672272710566,13.113315485320607,6.3900730108008315,334.13864461046984,122.41447968844804
670,64.4211394822377,11.210405776273623,4.7282580188408065,440.0191180338131,111.924301263034
671,51.37932999204907,8.209735970740903,4.123721196739531,417.8373441453432,129.19008733046266
672,56.0512930134394,9.47868312260137,15.20196929095166,217.10443064690878,114.03093458948675
673,78.57601125508869,12.263807714918016,6.196994191938971,386.02557856868225,122.00999562916863
674,67.55622174747023,7.538351248354627,2.712481811155484,979.5776399890306,109.82610484669704
675,62.90134694978164,16.01517563984117,5.584003361583943,521.1222820450141,122.14924148918398
676,63.01219455352111,10.793372499064402,4.5575720059904965,718.3232786236987,123.1005734243246
677,50.046664304174676,12.807747598304337,5.149915711525891,400.6748048631641,121.42009246648344
678,56.00224075778637,10.341484022601756,5.600576055441881,509.8108061711072,117.32788057094383
679,66.4352067239047,13.22969148403212,9.702446231903513,348.3101528445539,112.10359595616642
680,61.12718001894915,9.511518974984943,9.4100710045652,198.04995662057695,110.89088404967248
681,71.58132505993413,15.203969239587371,5.505838591406912,483.18280978726796,138.23576136087829
682,76.17966840476763,12.701746437148353,2.60420501879803,449.46754425082577,149.6260523065367
683,54.29177156354427,6.526509843888982,2.2489924831244212,2831.036566029239,122.32069593968639
684,61.51884436023464,9.971863105872668,6.2109322352268865,449.5243768354117,124.83083278466775
685,74.31101658184583,10.56187959848895,4.5089710030084635,624.4642835030414,115.2816350184859
686,58.556064974940256,11.096866537462022,47.71537018119141,233.72660236026383,106.31320681646
687,50.61952224643319,9.524501974682073,30.577666249447056,178.26608841566505,101.8397561447179
688,69.98620042689146,10.504629249795649,5.538960900892184,519.6705492421609,126.77344271268835
689,52.99421042749847,9.72812478719411,10.211448060908532,297.98331935324927,120.70828473478522
690,65.55183055568267,14.562216529102194,4.645960146099679,677.7721220026946,118.23550437736279
691,60.461812681068636,14.684755301795922,10.10848891014414,262.6313789285866,119.19254169605601
692,126.63900682035181,22.042024227137404,58.738989630686625,217.03506086722155,-52.18255519526578
693,54.45245590711442,8.069533949833893,5.012521106435289,676.3668031152189,109.6066901001337
694,65.36639985706987,14.011815790488768,15.170245496820414,211.94115175513463,113.5790906694452
695,83.30131121497134,14.5139929056865,5.3232944553783295,486.81071860960503,122.1556225296625
696,72.91482071987161,16.688929501482306,5.540755775337107,359.4304820867249,117.74625810986801
697,53.27450763509425,10.460978113079431,6.56127598672137,428.1569768282344,125.66371157379896
698,66.12516163591353,12.799144429591298,4.214806973185965,911.8841682242651,113.75562900165869
699,77.14828343988565,9.609251856567743,8.645289802649412,239.80830384828104,129.4383375040568
700,61.92930961801577,10.764101892142765,11.238900203512344,296.77715720812176,118.33158621104293
701,111.79847558679555,38.334631950797295,6.380578486367851,316.80314496907647,112.01453354391583
702,66.03917182865523,13.80979010286503,19.399024457743884,188.50299343687573,110.78392464059407
703,83.9083579733484,15.020500133234284,3.8958918975721026,643.6565170137127,150.84127671049427
704,87.86955211594649,13.945651758610364,8.731299747948219,254.5492294773632,145.40346341522627
705,77.67043791959115,12.732410611424598,398.6271712506508,187.25074751503223,-421.17221740377863
706,67.20557549945836,9.822649936510935,8.822371766870711,323.09204889844943,123.96379983397003
707,72.8695134990157,9.119927138441772,7.236256456549887,374.5075927143604,109.93715642927256
708,53.48109367684234,7.7009831634616575,6.397577646384975,449.7663910530558,115.3662670718492
709,56.393245634176886,8.907471624286647,6.77844501680517,418.2352316568905,112.19957106281461
710,66.92005086583538,9.481083468605405,5.143412851369446,295.08303212611554,126.92773255483198
711,1228.897658777858,266.9310467430833,0.37225819890506595,215.6661953725153,141.02125482553407
712,69.37454416890724,17.68338549666663,4.539130715369275,678.8092609119343,122.35105676657965
713,66.08849652524128,8.167388792489717,4.122197668731798,584.4313248228641,124.01698839239634
714,64.84976352349511,8.21225047895477,6.821760073748771,428.983061031682,118.07456599127035
715,52.496571272774275,8.227633431018997,5.619815218604189,564.0161412440791,110.62218043685797
716,57.5382847060619,13.413261839812579,9.51835146570025,283.827557249934,133.57737318923998
717,65.44208704193808,9.994135398863095,4.124877863308508,815.869996749755,120.46559344911914
718,62.510661592214376,19.52877746124633,4.001046946061999,765.2123405941898,118.02439759151048
719,79.87101220981171,12.740362804257725,11.758129203989677,279.81401201648055,82.6497144917881
720,68.51240645681116,11.927662768961856,6.111574839109228,472.04900818501096,113.0910955044484
721,52.28380035775055,8.812255550162979,4.759358847910531,384.5387681846017,122.70546996790206
722,58.30236750185892,13.096078932503112,4.239480027966289,618.1119536844645,118.15353299125997
723,57.89685527341787,9.628833361625677,6.304097902108138,460.4819246445769,111.17378229698522
724,63.449041154129986,11.3887042677397,6.506580889452145,570.1326346390344,124.94615717761815
725,58.84335506862182,10.518668432058085,6.513823449051307,441.4276058610789,120.52722188224065
726,69.57343647699919,12.786759434144024,5.059499558893231,540.5338371951842,115.27201216330265
727,60.98818728749861,10.080944599948362,4.336963176253535,595.1511226641903,109.1873307121743
728,64.8393099079465,13.183216010090192,8.560374228954192,313.9372858322184,122.71613502502062
729,57.31238049358965,10.060437043410653,6.701292517231011,455.01330810289454,114.47350921693923
730,47.82830198047244,8.311110536150183,6.079645000410265,525.8216184601372,113.26385272436518
731,57.08793397066792,12.832497690141883,3.914386214052108,817.2493374912468,114.5418670221284
732,62.27522086403932,10.60543028043589,6.857617424491157,437.1435818435302,106.33213290228183
733,60.98381126365586,15.864461080001059,8.896046578672578,242.88084886814366,107.1064435358567
734,62.97484415138626,13.158683552519303,4.2904048817113525,722.82933102845,120.3001556194296
735,61.22432232613543,12.174960911170924,9.37083720505938,233.28308668374126,109.60179665800979
736,52.668465494326824,11.667321217418248,5.515415608348215,383.6761038045554,119.35315479583717
737,60.35537328027566,10.159268591097758,4.1993350554333295,729.8031076578472,140.98994277399814
738,67.3843586723665,10.499386285792967,7.735429048859465,227.31915440076648,110.74564294530636
739,53.02727033516159,8.386102484368653,6.632974394711178,388.47938567798957,111.75376333129498
740,68.93707348012514,11.152791341080192,4.679131053211943,794.3614783585472,116.46056859078527
741,66.88575238564727,9.099591474094339,3.4681983800871556,557.725656438794,135.04832218692667
742,95.0380167721404,19.729322457989817,3.67460343568918,525.1030997919013,145.9328888944615
743,69.07267007780692,13.832632969699256,5.004400969429161,484.3015624191818,128.81729271815706
744,72.66498180449479,12.19202075123158,8.181803875872555,337.1733682418322,109.00621687774971
745,63.37574298048814,12.18017768168848,7.937643834039291,271.8431181751099,119.75988341955744
746,74.71712023785818,16.08946244373947,4.5508418458751105,615.0979025143108,132.57531752741016
747,80.04120346687168,12.341247994159989,1.0942407119366317,24421.318029578928,146.61989397359943
748,56.76317670591453,7.0802045917553125,5.429544606856915,477.90417229260544,112.68541480032543
749,60.74567376544899,8.353528570532985,5.459017015882072,389.93963536723084,124.25814405531669
750,55.13488418711796,7.097771925310345,11.503698312364135,239.98606890309463,102.87196807867849
751,46.42348998342677,6.623761467037393,5.379032801938299,530.557865429519,118.35378971302512
752,64.2594620582641,17.06742441299881,4.639502349148415,630.8831252491228,127.32361487876658
753,58.55721461836943,8.023554214799525,4.255701477637424,644.830592200644,118.98471431481077
754,73.05962853314908,12.436705237375516,47.603897361642005,233.82752358873768,106.31733090035866
755,65.87562505183615,8.182406435428259,47.74581755291196,233.70227864055244,106.30776360559116
756,67.53774266334409,13.323875154631201,8.064908473046001,323.9533462420293,112.31110645302903
757,72.95922209977185,15.73758011589739,5.43879930482759,352.19723289410985,116.11830836148332
758,65.04425928289874,17.632208995813176,5.872097505458623,544.1064398131517,127.02694128657525
759,64.82554363321259,16.78856695717867,4.3323174743763015,824.980291644536,114.62167700382913
760,62.81188519426893,11.112891760849848,3.735187634731072,937.8079022443546,141.23180899028472
761,59.738530167495114,9.228720516770354,5.4331949976004665,481.49494293297283,122.090548862116
762,69.805247424297,18.982923833542586,5.81635700322671,627.8701140842993,122.88258219319515
763,69.98523512874047,26.377796271256578,3.5372260332729835,1195.5972159261148,113.71816405350334
764,62.66175394392718,10.258123017864433,3.4960985644916467,1235.7738268383252,117.57845228710553
765,5304.626777617835,1394.2236628166088,5.019767727259021,158.83493174887133,135.9109552294827
766,75.56926408849523,12.882560434950467,0.26999651779772316,238.99442434652485,152.890761418502
767,50.58821702248886,6.6568242732274205,11.062759421436633,248.73834371138142,103.25839965352603
768,108.62015075415962,30.684837803957613,4.96271689396074,372.7053791173905,145.4170612745446
769,61.77198589215154,8.091924448197888,5.202975527942487,657.6145099102896,118.81954250463897
770,75.71180687056284,10.278197796752483,3.837677262147681,471.7302274632909,143.13605068014505
771,60.022359247891046,10.797917733521858,3.719534432156098,985.8528985187211,114.32904742434913
772,69.52311520871955,14.307903017102833,1.8599610282017842,1956.2623101742167,148.80972424548978
773,72.97918313352116,11.377650326718943,47.584250426512,233.84661783305415,106.31725695837937
774,47.49099993572767,8.9887393082862,3.4499099510836486,1023.0195683403174,113.68754078476299
775,69.62348812318399,10.631269941093107,3.7612919301028827,686.3604892034328,131.1635778013596
776,74.78121514223957,10.065004401063492,3.6746170778213996,546.5615689227875,119.87427829607111
777,57.229044400314706,13.163797828479609,5.392817017672585,526.3194191846242,115.66221841913455
778,62.94273468558362,7.820846937454337,5.543283577809874,440.46339431435797,119.2925371594921
779,60.239814894509145,8.162536842213651,3.3744723841029214,651.0677650747591,127.53870889325786
780,60.92824891738447,10.693956900269331,6.714184214748201,419.74609600787073,123.08578319273371
781,77.41277280707295,27.652885735346356,4.395895370434845,907.9773192442315,117.39461191566906
782,82.88871623375935,11.980151404507131,2.7025753135396786,548.027128462734,154.68245455911782
783,57.29067774237675,7.03543547926822,4.805519622915916,447.7607727962871,112.35899219363375
784,65.09019772893427,19.243081230882307,5.176842525995545,563.887524371428,118.40996420451275
785,59.87522103099877,12.012910462782623,47.60759062981013,233.819675179299,106.32645522758258
786,67.09598478725819,16.982980711545064,4.244018245347653,917.7304952197344,116.06222986320323
787,69.02051814791312,17.914691176737715,6.355557882668203,483.28544399906434,112.34091177086702
788,57.53224682068613,8.713082552608764,20.527857751796095,222.59472193930503,83.31154886344663
789,54.72821318389951,8.22474915148329,9.586895829892352,253.6541488796883,105.77467193225402
790,74.27316325451028,10.243350561801327,3.428284431778768,1021.820598035597,117.4731141297911
791,59.82203936341011,11.644388171874953,5.047489836101777,575.2293857358034,128.71735192914912
792,69.5970858823331,9.52644705626776,5.81941647989293,400.5343097594043,144.39694312128896
793,74.72124698042322,14.014626123905327,5.571308835099482,380.5850559991916,132.46106294344773
794,65.52766092573798,8.99560692344106,5.336989071823148,430.0553893249098,143.5768728680272
795,57.18970317984757,8.972762993787466,6.398565077392132,443.3457866463473,114.57391280955154
796,69.75914769138622,10.187051145830239,5.0796118230660054,495.86138838543354,133.66567103755892
797,65.52974090723387,15.149040817768462,6.414675826267666,480.5473212543122,111.90387819485152
798,67.55158743635583,14.355576699854637,6.790213449642428,432.814448659971,134.9310204443301
799,70.58971524405231,15.073960688962435,4.806479487280436,574.8091264322203,114.83242311386098
800,61.863464249916944,15.349282212347324,6.288618473942093,463.7056083989181,124.66634899167836
801,72.7086313152334,13.591875574362698,7.12310965712362,518.7762428184336,126.16166603612574
802,93.4348015193458,14.680456439138707,5.41884804166217,191.88046765723078,132.76159374575352
803,65.28610467165662,13.56621088089105,5.669105495876017,478.65712172730474,119.12088145458421
804,71.40970726055907,11.801988559072022,6.782412503252343,317.6263171918649,113.65845789593143
805,71.68469348881861,13.372110914543168,16.569558969500335,264.43956718285875,109.69852307907182
806,53.03895298690493,10.065990780364254,3.3234428488937744,957.2751564003231,132.425479851613
807,93.3696238255299,16.309233953776474,1.0022739606165916,12293.284486053553,153.13856815260763
808,25202.908023268297,5926.150165010753,10.255588314724422,208.69904254996393,119.08127878466271
809,58.8888942288536,10.133255635695734,3.9574766668410586,689.8790705772045,112.6531716127276
810,59.00225021060658,11.716395863784486,5.990813354962331,499.70777919898086,114.84806888237965
811,98.62550909450378,14.988829194398276,3.475734662396582,453.4412929534157,130.88225323947944
812,54.39013169843718,6.867315527990562,8.855613333226447,301.18228676737874,117.64440968397565
813,76.4367688090953,14.67855435815293,2.117133606304399,1285.189782480612,155.58219561587416
814,67.22741538676101,14.761838289275957,5.735228708277734,425.13718944491205,123.33114695346865
815,68.03247951931509,10.408672660569676,4.683159566780115,310.0052705241953,117.44898224702742
816,74.66248468510125,14.494429642495072,4.438100491559193,636.9751606563265,122.55802063693822
817,93.79311140677393,21.659716276612215,5.064463452698727,247.16965792207213,153.1352349056439
818,68.23089526441484,9.352742610563775,5.3391932633788866,468.3777745452211,123.60699551415337
819,61.78946062734644,10.355155178649996,4.835551686570281,468.9733154372983,118.13471623299654
820,65.11743605095116,13.811381884248911,7.122400940278714,396.3030600718879,126.48758475681372
821,72.7120623409218,7.760439624174922,8.984437370920595,284.76423904079775,105.44152338116125
822,68.34480135607984,11.005320100905815,6.249826097895655,418.43724250854984,130.07412732287298
823,64.0563947525267,9.556603475203229,6.416334647503652,296.7545512667634,108.39730850418765
824,60.49570296824972,12.190805793041388,3.390627555109084,891.6728115471888,113.33374289978768
825,57.89769453395522,9.663933881220132,5.867760126965903,509.6488516510716,121.55358002629659
826,61.47129707744455,10.206870265540568,5.4276102603032195,489.325739861208,117.45529101454936
827,54.55936767723804,8.49809895362058,3.345939148643588,1074.5382021071352,116.9897545874671
828,66.46072025390063,12.199169742455318,8.103343280342873,288.0041647040846,125.16277807344926
829,59.33715813976499,12.256391320621413,4.696097520300689,677.4590652118289,124.0952537260604
830,62.288602219907446,8.676237905706115,4.12214433316809,586.222999882111,117.42094144655492
831,58.623328876370884,7.243408818245751,3.9336983918226927,546.8539738519071,112.34665139326614
832,59.37431916176122,12.697793470440656,5.091515552914449,655.6925258641253,114.49071425847464
833,53.72764351452407,7.644709957080704,3.0736261165006233,950.1748811238833,123.27224822707015
834,65.3938149264754,10.491570237078577,6.720402938391246,525.5873394295018,119.89616708376923
835,73.31969878016828,13.37711803532562,5.9667120338465685,586.0717655644453,126.80145862358768
836,80.74629221196425,17.56306878130787,6.7478065270827114,329.32526068856515,124.5267110932206
837,62.554977317297926,9.512136207901854,3.282019444424661,1360.658044965658,125.78761883070389
838,59.54953343351394,10.088299957035229,5.991123983025908,464.86238774957553,114.37473958844487
839,55.44311663653817,6.653431401834523,3.368240056418188,1035.2793711479976,114.73732144150847
840,78.4433441342638,13.46036714000965,108.1166076037017,186.88294602927223,-3.5603935116556134
841,56.689859847454244,12.049051834365446,5.663605991331116,587.453256489289,115.69927897255879
842,58.268721540235966,11.465447306052962,11.706007605134348,229.82947769067445,118.20837445017915
843,69.33580973120088,15.733630099223118,5.112108089164976,624.5195734853521,129.5805562658733
844,64.2012842896649,13.867279956142312,4.324242146117405,608.6070586108941,116.61293717248563
845,64.49828947350889,8.130452177233945,5.451579121519619,470.60299331929286,121.91647343726774
846,59.00428592005453,9.8406110390118,3.9741652680224053,660.2650167304606,127.00364555515185
847,69.28572874527819,10.107105597240906,12.073987878980397,277.2368023685715,116.17621206308188
848,65.79269287840062,8.775662803306465,6.545411382784709,195.53975180110126,158.3357705010114
849,63.93005267716556,10.793553298999067,7.921390963210953,318.37268506614623,137.229781324191
850,66.96941453982909,11.381064747121611,5.376728636920675,631.2778927847125,123.59733067469321
851,59.26854255586412,12.722677558075585,6.482703236807833,521.7026486113696,122.79997386362119
852,59.48263246573865,14.921104679875663,4.809607669374155,659.6063677590192,128.10584799278834
853,75.54455799387742,18.194348919758774,8.581200852797162,313.2886820741411,124.67004980016085
854,60.65280275912675,7.922707927311459,5.525337898618201,535.2156577452736,122.907899822588
855,65.94880915711084,17.206699884845786,5.331263111839108,508.9950855359875,111.28960242093838
856,74.51619237636844,9.452442099226234,10.972730615277378,274.97696545548996,120.39912301125271
857,55.883518173887886,9.425992749356558,2.5567424478096266,1094.2144242804109,109.41971987138899
858,59.332443533596,7.24170697592642,11.147097097440275,256.2613746202197,117.99794588280886
859,45.82081969520562,11.360670048912457,4.094501582916639,725.0182445036667,119.20215089423239
860,59.718235456804834,7.546702076897287,5.467175266976645,590.951781628132,127.1304093893654
861,49.51860629817709,8.43496874182378,3.5482581020850104,641.3939419931958,115.35151091918796
862,79.29667864540605,10.910491841601434,4.481678626007544,264.8282321701989,127.92386446616622
863,72.45734712665627,14.008988038376676,12.473205397450489,268.3143958846945,119.87433057873518
864,68.73962036455127,11.432158513047026,5.375576549613577,387.6202542669088,116.97276802685528
865,69.76437844678466,21.57865930342671,5.206174725720237,708.5696898951786,122.80492966793115
866,75.38033910448289,14.044333597065346,5.071598319511823,361.15583020531096,132.58882227231993
867,58.68667200841659,8.666468909664312,16.216010048221005,205.47994127108768,128.59684706337708
868,68.73407361211329,14.289893967353388,4.0737519022643625,801.4615126806636,114.11640622058796
869,73.93279059786954,17.370140934698266,4.439209641889784,317.50396582333997,128.8229558688137
870,65.60685233449264,12.082277857199205,4.806784776587578,355.8087439096588,140.642435097862
871,71.7503520295942,15.26304235056977,4.854949441474381,593.5344948907582,116.10756804821608
872,60.57855827118292,9.551291069979216,5.840556430402878,477.7918971518569,126.59986271434282
873,84.30175806263827,11.73661975479558,6.154723332101785,457.8348474391263,124.79677376202213
874,68.60684995623056,11.720457435584306,25.833672783795517,255.35020751274553,90.62531728316878
875,69.73886136884548,20.253787055067313,5.341908990465,683.4474783376024,117.46568359395941
876,52.33692025007943,8.244790548415528,3.099433361575372,996.0434889125332,118.18638604590332
877,50.02036902019592,8.939682106902533,7.094152078754879,334.2789955735535,117.70550555371243
878,97.60567089255704,20.358437458015327,2.539392959326122,275.38115702377706,155.0743782711473
879,66.98597390531327,10.979587360082206,7.053483934381668,380.6878125195413,126.80386233176448
880,66.0380260405082,18.561573200506015,6.411621028638193,393.309604828804,133.4629966665306
881,69.01626669338214,14.079249794402822,11.55198669964029,266.18991660697884,119.22641948239503
882,61.010929860864344,13.947933552416877,4.270172325037203,769.4558570781287,128.88875582177707
883,66.08091273109608,15.898480325230237,5.418157576430431,456.9578070028214,121.69577780434538
884,59.714365695942575,9.640749972337003,3.032135261979576,1148.4855498548177,142.92060870689016
885,56.00131759569932,7.322280396425571,3.20377916027328,689.4678773038511,144.3695966849065
886,49.3268601083892,7.357683559325367,5.849427371430166,557.1991966163635,119.63015942250676
887,60.494328069296756,8.692909539760635,5.435918069901422,588.5760542225875,108.77455733361786
888,90.9446869845535,19.858916281574103,0.8364803059440575,252.16519255569835,108.73667096146909
889,63.93427072365167,10.308249660344647,5.98070099495493,612.569663966534,110.75508290032019
890,51.833606744379836,9.674860678884745,5.6486781242030615,465.10505458074454,113.42028050466868
891,58.458925740677564,7.437212453640248,4.540845142306794,590.5976904198711,116.97192060846216
892,218.58001768367356,49.74110961155321,0.3762889044918743,217.31911337715695,128.82627656851864
893,53.315896554580675,6.852876590074957,6.313634750818365,463.60588856619506,118.22138646644174
894,51.91215874025891,7.110527321305488,7.909526481298807,289.39631423643306,123.30115927599086
895,58.0896253660558,8.650693911609244,4.727656240691889,671.0764880801149,121.24448575471816
896,65.34122954032448,11.530953255838744,6.261132096006047,425.64777197497574,111.00922879898455
897,59.892053147081214,11.479435626680258,4.272814277919829,904.2563190055473,129.37867855809287
898,64.41952999867982,13.488797191151427,4.980745157367248,585.1688189926738,121.81525679100181
899,71.96752611136083,8.78347993843167,6.058537891248021,476.5027927825803,110.99616862475462
900,70.33687319439183,16.16177849895249,3.986188614116751,961.7467936215052,115.86753973866085
901,62.98158063615302,14.525274096272241,5.2427794681499025,741.1467084874334,118.81221574276316
902,58.97212279755535,10.76442961977076,7.189192485134953,411.6249642379555,107.63431515259344
903,61.149311144296796,9.74404760306304,5.267444614405486,542.618581769409,124.12369933006403
904,81.64652924468785,20.511131290953983,6.772076443772798,390.6655948794747,121.64519922169826
905,67.3555003880464,19.16570550820514,5.345454518097005,509.2547494228431,128.28327388304962
906,56.690294007618085,12.885942132166964,4.936743128437274,664.4009249403449,115.64595267754352
907,54.26761682860005,6.636247031547421,4.446448630640846,535.5162811585176,139.96794105097115
908,71.41247816258948,22.124481592472737,3.951172430222616,683.9539662070911,116.23405619179124
909,50.353255951262085,7.573227676597199,5.204036176589743,586.5891275076185,110.8475948226871
910,59.286223454890525,8.934222375956415,5.091054188574411,669.5723124159106,117.16372356353799
911,70.87624101974131,11.658868892836338,6.688982174357628,402.1105970920295,119.30484650514721
912,88.08454790731085,19.605941670776936,3.9300747777062726,703.1244570744855,124.75157262754705
913,86.90715307264274,16.01192905707403,3.1667743118030685,475.60737708805516,151.94213536401637
914,91.5383502053183,14.062525038460738,13.236936506383875,239.33357000262782,92.51061543397907
915,99.4495403771546,26.787836884303935,11.030870055778228,303.60799065895696,139.0837939031343
916,91.47904984894882,15.906315510314942,1.591152762805679,2726.1014695751537,154.62714934978365
917,71.07110250851292,11.005917202462616,10.897933679790697,341.6121558077057,121.61737103314174
918,73.27320137207762,18.84344055063515,4.840742064878109,769.3801918090868,130.10162028455545
919,56.60167702564201,8.524286745594788,7.614958713245683,367.6856366565884,122.43240279830614
920,66.52732526988609,8.408723865300498,6.107238802385496,393.4908262201267,108.48896817536944
921,59.90571384369958,16.387517965044054,4.324589847523306,733.7909509391244,118.61814197297466
922,60.012194952638865,13.401240140337451,3.629358877592347,1068.8837191013226,121.19832413168938
923,64.69974772408473,13.392319128555336,5.167172321870817,712.0793938487026,129.5217203880852
924,55.43295628810065,8.07709067035708,12.601392062060484,261.2375337768535,127.23165070473357
925,59.396958384401124,10.644816108688394,6.404580767358613,257.78492488087863,114.02858976492993
926,70.66707929609709,16.263266006931072,3.760848307998918,1025.3603901944555,115.3462811982805
927,65.50599148348108,7.353133574984715,6.260169869196778,470.0271175879052,115.99383293860352
928,66.73947546230161,10.337737643988644,5.9717885857731305,585.857529477332,111.79343716059836
929,56.774746962310694,8.299266191521793,8.582621355744775,316.09297351642954,122.22270986658293
930,67.88758486220964,9.93182004494125,47.66053476414139,233.7767863546796,106.31167471372096
931,51.95103226802919,8.662609785072311,6.322486699477582,371.0542272502329,115.73406160729895
932,64.46038069730777,12.95790780029758,6.131015724228459,421.1118047621569,137.37541079269846
933,56.006836007888836,10.950346572249511,6.7330228735987125,497.5193978056926,121.8590987753056
934,517.999389130998,147.3060119546547,12.322836350783962,273.1112465659009,91.41554481097153
935,67.63872650366518,10.054591059483828,8.847802220081753,254.65943146244194,113.72101646591375
936,57.28765779295737,11.067247346100995,4.088855320043966,592.3973634524259,121.01092698919611
937,88.51410861746207,11.637085298255947,4.520422670189651,381.27683382288615,128.2976184542557
938,68.72828810327793,15.74329838190517,5.423943269327598,736.546039320033,119.87764236407843
939,67.02818077855015,11.844924958439591,7.8487315073839685,314.8142643910041,115.70193602368485
940,76.7174377817164,9.617384972335396,6.372196787767831,465.5311135824527,118.9769986018241
941,75.21428114127431,12.78800233401416,8.574936882919273,236.8616983571758,113.26916571673165
942,78.26202178744529,27.484168165365386,3.920772909848075,1165.6656608203452,124.27625283187413
943,66.57687725176274,19.65841942894553,5.307337663425499,742.0425403046237,113.63819079552628
944,75.41220967871058,12.228023936226935,3.653015688309992,886.8074611891719,117.1973619454178
945,59.46062917677458,12.300753223711972,3.7973727197828406,1053.195905953561,114.5411045086946
946,71.0771282806752,21.528397182205584,7.545896422210078,452.9263796614169,110.011755202542
947,95.01412644919289,28.636058677716374,4.972117393119295,398.95130050153705,144.5317546724324
948,47.355034269281745,7.44489346927646,3.312498760699027,885.1588496509083,119.50400834441135
949,63.267311924968276,12.114051245292739,5.6442701545314,498.59114387462705,129.3725603077888
950,85.93947067635172,12.369644845188684,6.018548705324761,374.08241787389653,126.05574993510278
951,61.33295984845829,9.486642957453746,3.002632745936697,666.5744172193376,142.88330891821974
952,66.85617397117485,8.448166710233124,5.425528692855809,459.7019910370028,123.2935507464397
953,55.900810622163156,7.201416547323774,5.3030669823678815,522.7975431004696,110.9052353140337
954,64.08283541681155,9.127086927808797,0.3489392105917136,230.74875312929095,158.66037013141957
955,79.10797858448822,23.273336819641532,6.4562561676384895,458.76626543109813,122.36675393925175
956,77.68567103419647,15.695114625162907,7.6865406126908,237.14541052906884,140.80619923525478
957,63.732537727982105,14.178498886961314,3.831210307459454,906.8676290646788,130.07410709354104
958,70.56615775520025,20.281795942954908,5.47269488355142,644.4275079538744,118.78316670074017
959,61.21716925758021,8.685934068106507,3.4093474139321,944.8716850287124,111.8083034789243
960,81.49760955949995,9.757076153340659,3.785026147528199,416.5618429998966,120.31155949248488
961,71.94411551009634,23.74335723897562,4.160805474386967,646.7325390771388,112.09127930015256
962,74.36998371331258,9.682368343350017,35.0655740042727,199.04667266534383,90.64864400056736
963,52.17108146662825,8.81360943648118,10.62571713755195,276.4475599192253,117.89153521643583
964,74.42034825611961,18.820354273864528,7.355579062612353,259.0918222816937,115.28582730274076
965,65.81030879206608,10.42509843701623,5.542576295570584,396.06973837361824,131.96355261029782
966,66.42860281387154,10.233655348739267,4.3800825761477595,596.2393994019383,131.0311632639574
967,62.24704721022306,11.143619276211112,4.217666661355879,604.6879804014009,106.21869424322435
968,52.943105244070466,5.954997115482214,3.108555521741775,1001.2614857921251,126.67100022942287
969,75.88030834694239,14.652740601840849,47.64602982210107,233.78998206127073,106.31225481162514
970,68.80048318511402,15.625179152737276,5.162504066659563,541.0420681463374,115.7440772326943
971,60.82046877389355,10.470058766622289,5.90931295756216,531.8451922481092,128.6014392314377
972,108.81483947182265,20.5048209450952,0.3554234125703209,206.61435654035586,172.56807766741267
973,89.30972183860663,11.97402839368043,4.800736680693656,349.5606173128634,151.70568214362612
974,75.90177455572399,9.964711688088675,15.188040249552115,245.04651856581455,116.20672629750807
975,73.76418749560625,14.126673444270875,4.621322102661227,561.8550453427173,118.12468164599558
976,62.1735368602177,13.780367080912294,5.533521961851741,484.40813634633867,122.17372266054886
977,65.1800507919433,9.767861830249966,6.592575182278092,452.6774168074396,128.8052969936641
978,61.36806387091786,15.3834508336762,6.217294636981237,466.01132223541816,124.967232561801
979,54.112309559470965,8.101717524980065,6.166375437086425,386.4380474533967,125.11272830150476
980,58.685960195699224,7.864043325791105,6.074532667432719,397.22113268206766,108.50477917387452
981,50.60169833112812,11.830282680398135,6.326623027175939,297.2834247152622,109.33365060501629
982,62.338439361620416,11.098978239085143,4.565272958774114,620.7670855474046,110.32834660856732
983,93.03458963261691,19.169551785565552,0.31014041377311785,217.7379797062131,156.03335152095866
984,77.12497785997174,12.024167439068782,47.71821758430574,233.7233162332497,106.31503692533448
985,54.15647667807955,7.58737205032771,6.818098055214957,325.94618559135574,118.2891891473553
986,69.11858409835588,22.79714946383939,4.766810863350906,609.0626082397939,119.53439009992245
987,59.221090854907466,9.88674532135192,5.090609915025762,359.8068462529545,129.04289179216016
988,62.82296466788856,9.512542043243844,4.498659697680243,683.1508143959583,117.66332984930173
989,66.45345944529198,7.65708286517469,2.817573845728568,608.2058534183743,149.67866512116436
990,58.138347954384805,12.728548266264227,6.225041279933444,461.8242294212168,117.18415295685736
991,63.05601737292762,9.965830847561117,11.495397658394293,234.5260860400274,123.20236611123275
992,68.6102763719818,11.420523015905223,4.882160039748635,414.0641373283812,141.9844572085702
993,26153.727133803724,5354.410059378285,0.32807700806623435,216.1150432848071,134.60624984540343
994,155.68308779869716,33.296462274305185,6.924658664110453,219.4806907520918,113.74105376846248
995,97.82920900012495,13.142060894764672,3.089465614844221,293.91974131745906,161.93731997399067
996,62.52576230150616,9.527782089954941,6.553540618111879,400.69207409486626,130.2451403764843
997,68.50279712704683,13.857766580057474,5.613355094247925,526.9098719086487,137.24663085917499
998,56.84901117376485,9.63115187896414,4.673199831122501,643.053310209023,110.10938537435806
999,52.85366188243325,8.563932633382075,6.065806693749501,361.7848242292389,119.52698052604103
