event id,MT id,time (s),velocity (nm/s),equilibrium density (1/nm),number of Ase1 molecules at tip fitted with gaussian (1),number of Ase1 molecules at tip fitted with exponential (1),lengthscale of exponential decay (nm),condition
1nM_314,,0.0,9.53065568407896,0.0021,9.71765685472272,,5.40114448618462,1nM
1nM_314,,2.6,8.78772038525875,0.0021,8.52904472351666,312.869866107274,35.2396579229349,1nM
1nM_314,,5.2,7.57309990231991,0.0021,7.26625431521885,224.140449159568,38.3403234630868,1nM
1nM_314,,5.2,2.48793755687486,0.0021,1.60866996880086,347.618361142287,110.209130304946,1nM
1nM_314,,7.8,5.92985038104719,0.0021,5.34886555921452,319.81929676276,58.7120039578286,1nM
1nM_314,,10.4,6.11147132890638,0.0021,4.62704073439302,218.951720893925,184.993131095226,1nM
1nM_315,,0.0,,0.0021,,,,1nM
1nM_315,,2.6,5.81413854717016,0.0021,4.94101545160426,,112.266159558507,1nM
1nM_315,,5.2,7.13923856400156,0.0021,6.68489497913837,375.927711065031,72.1669192767912,1nM
1nM_315,,7.8,15.0321311742146,0.0021,12.4825349907546,353.678925461897,121.038168981027,1nM
1nM_315,,10.4,10.7194566260624,0.0021,9.39999810147485,242.674001129445,128.732190850948,1nM
1nM_315,,13.0,6.31267892763325,0.0021,5.1450004221142,228.011131022706,78.6827744349469,1nM
1nM_315,,15.6,8.34456927146281,0.0021,5.93413814714571,210.960649680159,95.2985917562559,1nM
1nM_315,,18.2,9.65816879284266,0.0021,9.09275218546987,223.990550563435,12.5989348085808,1nM
1nM_136,,0.0,2.74137940281227,0.0021,2.07740200648033,,999.999999984412,1nM
1nM_136,,2.6,4.67894562690018,0.0021,4.14535623343344,407.094009769808,308.641005083691,1nM
1nM_136,,7.8,1.57635144656885,0.0021,1.57592746449437,159.651680750946,5.33606380629326,1nM
1nM_317,,0.0,4.50692772522682,0.0021,4.45950135490305,,5.28500228100809,1nM
1nM_317,,2.6,8.99489799730285,0.0021,9.18987542468198,441.079021752063,250.298244951286,1nM
1nM_317,,5.2,3.23230821181455,0.0021,3.26130043716373,381.678576234416,5.32651907373716,1nM
1nM_318,,0.0,2.64770339809098,0.0021,2.63905901005259,,5.29744425512524,1nM
1nM_318,,2.6,5.05874027012671,0.0021,4.92925106680046,387.440848436186,25.5071971186159,1nM
1nM_318,,5.2,2.62806623758025,0.0021,2.54993426030885,384.653434837599,5.27364038320255,1nM
1nM_318,,7.8,2.21074415574142,0.0021,2.12676408072802,203.076663541307,10.7405128732019,1nM
1nM_318,,10.4,6.98333176930515,0.0021,7.085175522253,394.248141299582,5.34763196776605,1nM
1nM_318,,13.0,6.18474890419102,0.0021,6.28551505473514,356.418048017019,5.36579448802399,1nM
1nM_318,,15.6,3.17774453662572,0.0021,3.13360578525914,236.932212584052,5.06235486590079,1nM
1nM_318,,18.2,4.96347397718225,0.0021,4.68031820851757,312.519631381472,67.689002346935,1nM
1nM_318,,20.8,9.50889272256022,0.0021,9.48363747585657,318.954309494867,5.28448686439476,1nM
1nM_318,,23.4,9.70586348801139,0.0021,9.30725311947031,230.174294522815,48.4170044784394,1nM
1nM_318,,26.0,16.360824058584,0.0021,16.828510187623,245.219698171692,201.389036252087,1nM
1nM_318,,28.6,6.24727623427241,0.0021,5.8717707132164,196.174033128068,89.0304191882512,1nM
1nM_318,,31.2,7.73619845963999,0.0021,7.82187898483982,250.957807463758,5.35524256920539,1nM
1nM_318,,33.8,13.8950872217394,0.0021,13.6016729178224,232.579317136573,92.1776310347589,1nM
1nM_318,,36.4,12.843734778554,0.0021,12.4724115927357,187.829630003025,60.2968081931148,1nM
1nM_318,,39.0,7.53850515295129,0.0021,7.47660489429766,185.65322204681,19.0872415046537,1nM
1nM_319,,0.0,1.52279496663619,0.0021,1.50414633748542,,5.28249909713002,1nM
1nM_319,,2.6,9.31566329830063,0.0021,5.66387682177801,603.450636085162,342.478559068159,1nM
1nM_320,,0.0,1.74108161218955,0.0025,1.27729961348805,,115.749242440169,1nM
1nM_320,,2.6,4.46200627861846,0.0025,4.09189447252266,435.057199716942,104.20688863771,1nM
1nM_320,,5.2,3.37655281149465,0.0025,3.37616034717206,156.910459675364,5.34568160129839,1nM
1nM_321,,0.0,1.42396299605801,0.0025,1.42777166973892,,5.35020080481019,1nM
1nM_321,,2.6,3.18976951051114,0.0025,2.8647468063142,568.437112104668,304.074306259264,1nM
1nM_321,,5.2,5.44830711802109,0.0025,4.99335402274532,484.181982016764,162.815958350329,1nM
1nM_322,,0.0,2.02963758166761,0.0025,0.350433451728136,,5.01325696533406,1nM
1nM_322,,2.6,3.2934405865491,0.0025,3.30905033950296,373.407352138981,5.35286898446702,1nM
1nM_322,,5.2,5.11070972651532,0.0025,4.74298857315783,420.026281220239,122.583136947801,1nM
1nM_323,,0.0,10.9372045743922,0.0025,10.8829338104981,,5.28985621742206,1nM
1nM_323,,2.6,13.6950335855292,0.0025,13.6426059881583,176.525120101277,5.3960414066983,1nM
1nM_323,,5.2,12.0956284073647,0.0025,11.9544358024551,165.635500973739,5.36667467531821,1nM
1nM_324,,0.0,2.06969340211677,0.0025,1.87487406508104,,46.9929362050345,1nM
1nM_324,,2.6,4.14218815149463,0.0025,3.5765875142944,444.377025269032,127.030129974194,1nM
1nM_324,,5.2,4.09768405780941,0.0025,4.00667686054361,381.320832433618,22.221619919384,1nM
1nM_324,,7.8,6.12048011333886,0.0025,6.01019674171565,355.464445576859,5.32805453484481,1nM
1nM_324,,10.4,7.60402733320835,0.0025,7.28831727384696,290.371933039607,145.452551706162,1nM
1nM_324,,13.0,8.47861053976191,0.0025,7.23902612484482,354.960316634967,163.683023619993,1nM
1nM_324,,15.6,15.3776031718587,0.0025,10.9180375813887,239.035723362733,155.230257537063,1nM
1nM_324,,18.2,,0.0025,,,,1nM
1nM_324,,20.8,,0.0025,,,,1nM
1nM_324,,23.4,,0.0025,,,,1nM
1nM_324,,26.0,,0.0025,,,,1nM
1nM_324,,28.6,,0.0025,,,,1nM
1nM_325,,0.0,1.81217664158902,0.0025,1.77769337152504,,5.26912392001033,1nM
1nM_325,,2.6,4.20068252767054,0.0025,4.01360923742414,413.847795954586,5.22511455230851,1nM
1nM_325,,5.2,9.0140857247388,0.0025,7.37534240082594,271.864665037371,69.8973644247406,1nM
1nM_325,,7.8,32.8401824596139,0.0025,30.5544620850798,166.060388365679,522.218554110132,1nM
1nM_326,,0.0,3.46115985385747,0.0032,2.9821481086018,,115.977082336128,1nM
1nM_326,,2.6,6.61630760018889,0.0032,6.39284632578651,183.718837610048,77.4638617419903,1nM
1nM_326,,5.2,4.04746739258752,0.0032,3.86769829207713,79.4575812702697,335.380475289038,1nM
1nM_327,,0.0,1.31255351952123,0.0032,1.24126510384109,,5.22476282939127,1nM
1nM_327,,2.6,3.173215487263,0.0032,2.64994216338171,411.612854471139,246.539314120015,1nM
1nM_327,,5.2,1.3265608918181,0.0032,0.716248099307702,184.903860901612,168.512100012189,1nM
1nM_327,,7.8,2.61531747977339,0.0032,1.28299218240484,346.050993674377,301.977672067583,1nM
1nM_327,,10.4,3.76966042584311,0.0032,3.77681278323786,305.691847913272,5.30532189072408,1nM
1nM_327,,13.0,9.61213690563954,0.0032,8.04982607864175,150.007137816222,244.629767632055,1nM
1nM_327,,15.6,11.0807971909815,0.0032,10.3725304764474,141.193615610326,342.858884605669,1nM
1nM_328,,0.0,1.55702896063675,0.0032,1.49863675737016,,5.23020131927482,1nM
1nM_328,,2.6,5.29747784876666,0.0032,4.9781805963597,401.185073432606,34.3150971288584,1nM
1nM_328,,5.2,8.60981256484229,0.0032,8.02644959042605,265.185163791772,145.531594787493,1nM
1nM_328,,7.8,6.80330966728568,0.0032,5.94925819438972,193.26822965159,999.999999830652,1nM
1nM_329,,0.0,1.47001912346173,0.0032,1.3553915589581,,5.21007981863081,1nM
1nM_329,,2.6,0.771782649955325,0.0032,0.438402831424217,471.970263789938,4.78636657514137,1nM
1nM_329,,5.2,1.94275494324963,0.0032,1.56206030913846,439.497791849925,123.242997022078,1nM
1nM_329,,7.8,1.48287061739242,0.0032,1.38503122538126,211.660441293685,5.22134052778561,1nM
1nM_329,,10.4,2.6756011950026,0.0032,1.8045616144914,187.874817769189,207.299319155282,1nM
1nM_329,,13.0,2.6361153432169,0.0032,2.49727080949079,337.596750795921,21.8015028734771,1nM
1nM_329,,15.6,5.24277036500799,0.0032,4.34768360769216,357.870259510915,281.813372836457,1nM
1nM_329,,18.2,3.2235635538624,0.0032,2.515326915935,220.477906550363,183.338942624233,1nM
1nM_329,,20.8,3.38126549874324,0.0032,1.66954248264428,263.101486953537,30.5633524989312,1nM
1nM_329,,23.4,6.51769301356965,0.0032,3.36406832034792,321.443247434271,999.999999927189,1nM
1nM_329,,26.0,5.3855221603123,0.0032,4.44257457956813,162.872050331089,125.540189747897,1nM
1nM_329,,28.6,7.901683640691,0.0032,7.19784681958339,319.121793275674,260.629152317816,1nM
1nM_329,,31.2,3.69826221765455,0.0032,2.8555302997066,142.338547277105,168.607772513141,1nM
1nM_329,,33.8,7.86547981328358,0.0032,7.35030135577111,186.288295057061,75.5209943235787,1nM
1nM_330,,0.0,1.64840024168981,0.0032,1.29120376097783,,78.2606253201236,1nM
1nM_330,,2.6,2.97523099663173,0.0032,2.69813398657661,316.278793078225,144.1234876757,1nM
1nM_330,,5.2,4.15824599551209,0.0032,4.00852626861311,184.269419685674,5.24739706237487,1nM
1nM_331,,0.0,4.48806288346962,0.0032,3.35039999230542,,567.439576815982,1nM
1nM_331,,2.6,5.16231831990943,0.0032,4.94985482083497,303.104462550088,95.1197551138605,1nM
1nM_331,,5.2,8.09212249121561,0.0032,7.17741331139488,276.825117866395,189.917055010778,1nM
1nM_332,,0.0,1.52336439600115,0.0032,1.48353066314023,,5.16257212582538,1nM
1nM_333,,0.0,1.91972609257615,0.0032,1.24278619877411,,237.769324886419,1nM
1nM_333,,2.6,3.63590390700217,0.0032,3.5975180333774,292.246168077023,239.689571376925,1nM
1nM_334,,0.0,6.22858506155372,0.0032,4.98905801134354,,378.556430531185,1nM
1nM_334,,2.6,,0.0032,,,,1nM
1nM_334,,5.2,3.32188461002292,0.0032,3.26418457700244,389.237831876516,196.085252114079,1nM
1nM_334,,7.8,1.43655518421977,0.0032,1.37269359223451,326.185608232251,5.25346637620594,1nM
1nM_334,,10.4,1.72806016738065,0.0032,1.60756584618853,186.968486770342,4.95565498560546,1nM
1nM_335,,0.0,5.97363186772477,0.0032,4.73048132677775,,675.848712060101,1nM
1nM_335,,2.6,6.03702994040152,0.0032,5.36974131490824,311.727880473899,85.5948239748801,1nM
1nM_335,,5.2,2.94361015020211,0.0032,2.11831904665339,303.489415354894,188.563147135197,1nM
1nM_335,,7.8,3.62114409452345,0.0032,2.51629622670397,234.713371544846,220.415203654749,1nM
1nM_335,,10.4,6.80383620724167,0.0032,5.00493910977082,248.456932633604,123.840799884549,1nM
1nM_335,,13.0,13.7297377904647,0.0032,11.179272281146,158.165756884934,230.984831260751,1nM
1nM_335,,15.6,11.5486609996558,0.0032,10.3561614279407,283.082811497289,64.5444826931481,1nM
1nM_335,,18.2,11.7337144589398,0.0032,9.37712960450832,231.132722746122,278.435668554904,1nM
1nM_335,,20.8,8.66384973913803,0.0032,7.90305418167251,152.594423084316,75.0134285981637,1nM
1nM_335,,23.4,11.1141558585703,0.0032,9.99492932988842,197.103337693812,125.226449956434,1nM
1nM_335,,26.0,13.8611380289659,0.0032,12.6658252687026,158.805414434052,96.1365080993296,1nM
1nM_335,,28.6,12.5512919894537,0.0032,11.4578624358028,112.725936698758,142.304873389875,1nM
1nM_336,,0.0,9.37501485966027,0.0032,8.54568465134946,,117.165341917598,1nM
1nM_336,,2.6,10.3109034937143,0.0032,9.68771419617499,247.244245110544,109.149595910546,1nM
1nM_336,,5.2,3.70901201955824,0.0032,3.0979217712663,283.676560655346,44.896719294334,1nM
1nM_337,,0.0,4.82980486866658,0.0032,4.2190467169059,,84.575425353114,1nM
1nM_337,,2.6,9.30451266128853,0.0032,7.66603757787901,261.348183302432,123.072360129399,1nM
1nM_337,,5.2,5.57806253674699,0.0032,5.5116130363352,164.194330710972,5.36506868916992,1nM
1nM_337,,7.8,12.9958494445416,0.0032,10.8074893629631,267.519476068744,195.597281619423,1nM
1nM_337,,10.4,24.1274179664705,0.0032,23.0878666964452,170.15279430089,77.2184490995755,1nM
1nM_337,,13.0,19.8908173037826,0.0032,19.6817752902663,157.574977787801,7.79647616202805,1nM
1nM_338,,0.0,4.90983394353152,0.0032,4.85610933404522,,5.27657301125467,1nM
1nM_338,,2.6,4.58004169154222,0.0032,2.87610245226907,331.742211773767,92.1635249314944,1nM
1nM_338,,5.2,13.7988325802118,0.0032,13.6889746262279,319.843636674239,9.40554010852956,1nM
1nM_338,,7.8,18.5700645132585,0.0032,17.8292797781901,235.753860451072,26.7815529387603,1nM
1nM_338,,10.4,20.2353816359189,0.0032,20.0019678642505,112.231636329416,5.33686968813285,1nM
1nM_339,,0.0,1.11471871243141,0.0032,1.09528246256941,,5.05413629639601,1nM
1nM_339,,2.6,7.45206300500049,0.0032,6.57623163514233,379.91953058191,181.294659702966,1nM
1nM_339,,5.2,2.99717101176597,0.0032,2.88438111685421,260.746175569184,30.4907553619389,1nM
1nM_339,,7.8,5.69826212743423,0.0032,3.96692803716413,231.678143740285,288.351366656416,1nM
1nM_339,,10.4,3.62071078164066,0.0032,2.99740164832159,320.346946124846,999.999999963573,1nM
1nM_340,,0.0,5.75435122844447,0.0032,4.40195138258891,,168.377249613865,1nM
1nM_340,,2.6,6.40782737824421,0.0032,5.5820277272216,223.4311831418,183.553587555622,1nM
1nM_340,,5.2,4.88853808032174,0.0032,4.45309440013005,183.469530832073,41.3710316820028,1nM
1nM_340,,7.8,8.1810952127274,0.0032,7.29280519807246,177.981803108565,334.981928353515,1nM
1nM_341,,0.0,4.35720644492458,0.0032,3.85175087000198,,113.532739825352,1nM
1nM_341,,2.6,4.06822357752617,0.0032,3.70207361850254,245.559528906528,41.4246927431244,1nM
1nM_341,,5.2,5.76165743641616,0.0032,4.23968713398762,185.811596143365,999.999999627496,1nM
1nM_342,,0.0,,0.0032,,,,1nM
1nM_342,,2.6,4.68153238731554,0.0032,2.13130709627853,,211.199928580985,1nM
1nM_342,,5.2,4.32664366370437,0.0032,3.60813681893908,328.439906894463,249.276941365042,1nM
1nM_342,,7.8,3.47451917862982,0.0032,2.74907156817497,272.490727490895,194.336981533382,1nM
1nM_342,,10.4,3.05508500604229,0.0032,2.98891721982372,256.836567255378,8.88115210494916,1nM
1nM_342,,13.0,7.37763372475114,0.0032,5.31710562412024,255.707005863039,236.354732264344,1nM
1nM_342,,15.6,9.47653575217106,0.0032,5.44052092550976,146.884252943999,999.9999993433,1nM
1nM_341,,0.0,1.5423552420155,0.0032,1.56492711004122,,5.33135220686098,1nM
1nM_341,,2.6,2.28939427777348,0.0032,2.19470096338937,378.547286674366,5.00646277768419,1nM
1nM_341,,5.2,4.03224386194334,0.0032,2.97711268968712,408.513677680814,157.448738768493,1nM
1nM_341,,7.8,3.21151593882643,0.0032,3.01403276769299,358.058177442311,152.222967914799,1nM
1nM_341,,10.4,2.57014466313798,0.0032,2.21271608327783,281.509799998291,61.9323639298158,1nM
1nM_341,,13.0,3.83358384181169,0.0032,3.24900802887071,454.380083072813,32.8097399256444,1nM
1nM_341,,15.6,5.1213562722314,0.0032,3.36863734544589,65.1341755976613,141.662948814812,1nM
1nM_341,,18.2,9.24973644833958,0.0032,6.74237154490607,289.81985140824,117.436508447189,1nM
1nM_341,,20.8,28.8558762942449,0.0032,24.0834767173433,292.147728807941,999.999999958033,1nM
1nM_342,,0.0,7.58923174487663,0.0032,6.26551795910109,,163.298774887394,1nM
1nM_342,,2.6,9.1473883741491,0.0032,6.65365754866271,309.236927371248,138.47671106543,1nM
1nM_342,,5.2,8.32568065678226,0.0032,6.64654032350927,235.418911372387,56.8224012449016,1nM
1nM_342,,7.8,8.03502462773403,0.0032,3.8180315922193,161.617429372262,201.183467851362,1nM
1nM_343,,0.0,3.39154751241778,0.0032,2.68777143278086,,69.9433225827676,1nM
1nM_343,,2.6,6.36305214347238,0.0032,5.75318534626567,269.083713329516,75.5693558501169,1nM
1nM_345,,0.0,4.53989591894452,0.0032,3.73919090217293,,173.684798160492,1nM
1nM_345,,2.6,2.07477201779254,0.0032,1.39488100047306,296.017263072931,84.1248649919761,1nM
1nM_345,,5.2,5.34923249997695,0.0032,5.39443215359059,383.309238268948,5.351610839118,1nM
1nM_345,,7.8,4.62255136760304,0.0032,2.99507321331742,286.660337017466,238.034150380425,1nM
1nM_345,,10.4,8.50223093467586,0.0032,7.41207787063829,264.762365147104,84.9810298470976,1nM
1nM_345,,13.0,10.2968209251105,0.0032,9.95329855115936,201.144472436199,5.29271344356602,1nM
1nM_346,,0.0,3.51142706809046,0.0032,3.43727592800642,,5.30551487589148,1nM
1nM_346,,2.6,2.26074012080712,0.0032,2.13086993628127,345.787221683438,61.1286382963107,1nM
1nM_346,,5.2,3.81858635865859,0.0032,3.53910565257766,336.712728445227,5.21584192673452,1nM
1nM_346,,7.8,6.16074912275255,0.0032,6.29391598419297,204.798359244816,5.39677292088653,1nM
1nM_346,,10.4,9.75164620431001,0.0032,9.83268904327235,203.261839631418,5.3206355160082,1nM
1nM_347,,0.0,2.08972150745348,0.0032,1.59093755426887,,134.312430588336,1nM
1nM_347,,2.6,2.5551599537174,0.0032,2.05928856371516,268.521508586708,89.0719338504561,1nM
1nM_347,,5.2,4.18771420705811,0.0032,3.81853526729474,392.502271462391,5.18257268846944,1nM
1nM_347,,7.8,5.46431134327951,0.0032,5.38262778370365,302.920656766939,11.0483561850247,1nM
1nM_348,,0.0,1.98500603026113,0.0032,1.79713237914883,,4.93276219127919,1nM
1nM_348,,2.6,2.44126261681545,0.0032,2.46080960132144,424.668524098494,5.35279123667193,1nM
1nM_348,,5.2,3.88908086427893,0.0032,3.75536519672001,258.399745988544,54.0822830767974,1nM
1nM_348,,7.8,3.79719340218167,0.0032,3.74008255925941,254.845946922359,5.37673903761093,1nM
6nM_6,1.0,0.0,,0.017322,2.0681,1.0412,86.089,6nM
6nM_6,1.0,2.449,397.06,0.016743,13.389,13.238,5.2945,6nM
6nM_6,1.0,4.899,247.22,0.015861,15.437,13.983,70.067,6nM
6nM_6,1.0,7.348,188.69,0.022607,23.637,22.287,85.35,6nM
6nM_6,1.0,9.813,189.12,0.018744,15.368,15.115,5.0913,6nM
6nM_6,1.0,12.309,122.96,0.017733,29.697,28.232,305.7,6nM
6nM_6,1.0,15.382,150.05,0.017808,31.519,30.606,381.03,6nM
6nM_6,1.0,17.831,162.2,0.028473,42.764,40.27,142.9,6nM
6nM_6,1.0,20.296,99.35,0.022812,33.679,29.659,139.18,6nM
6nM_6,1.0,22.761,109.89,0.031763,42.032,37.136,111.22,6nM
6nM_6,1.0,25.241,56.105,0.041663,47.098,43.794,240.56,6nM
6nM_6,1.0,27.69,135.75,0.046916,51.463,47.256,140.78,6nM
6nM_6,1.0,30.614,108.23,0.043958,32.62,30.029,50.466,6nM
6nM_6,1.0,32.635,172.95,0.050926,42.532,39.439,54.653,6nM
6nM_6,1.0,35.085,110.44,0.065135,69.81,61.561,119.54,6nM
6nM_6,1.0,37.565,103.01,0.066048,64.573,51.62,236.11,6nM
6nM_6,1.0,40.576,166.4,0.072694,70.491,63.202,102.77,6nM
6nM_6,1.0,43.041,112.17,0.089613,77.091,70.617,86.746,6nM
6nM_6,1.0,45.49,54.861,0.082591,51.671,42.962,144.46,6nM
6nM_6,1.0,47.955,80.541,0.083918,53.844,45.795,159.73,6nM
6nM_10,1.0,0.0,,0.018153,3.6081,3.2158,4.9846,6nM
6nM_10,1.0,2.465,,0.01711,,,,6nM
6nM_10,1.0,4.914,193.68,0.026692,17.576,17.255,5.0792,6nM
6nM_10,1.0,7.883,144.78,0.026692,36.87,33.109,62.453,6nM
6nM_10,1.0,9.828,222.46,0.050066,51.47,45.47,75.201,6nM
6nM_10,1.0,12.293,61.852,0.084176,57.114,41.785,379.57,6nM
6nM_10,1.0,14.727,96.103,0.10906,67.625,52.709,223.8,6nM
6nM_17,2.0,0.0,,0.02908,9.8937,6.2271,369.4,6nM
6nM_17,2.0,4.35,96.149,0.032585,26.033,20.523,412.49,6nM
6nM_17,2.0,5.975,456.93,0.036624,31.116,25.851,338.63,6nM
6nM_17,2.0,8.8,198.45,0.048191,28.467,20.737,131.88,6nM
6nM_17,2.0,10.905,235.49,0.066679,51.573,38.418,179.87,6nM
6nM_17,2.0,13.354,114.64,0.11291,81.708,57.419,296.0,6nM
6nM_17,2.0,15.803,167.25,0.099126,73.608,55.382,270.46,6nM
6nM_17,2.0,18.253,120.84,0.080974,54.056,42.022,170.45,6nM
6nM_17,2.0,20.702,172.26,0.077247,75.704,61.042,177.38,6nM
6nM_17,2.0,,,0.10037,,,,6nM
6nM_17,2.0,23.198,137.98,0.0030912,70.377,53.812,179.47,6nM
6nM_17,2.0,29.812,153.72,0.10857,110.83,93.646,211.57,6nM
6nM_17,2.0,32.261,110.83,0.11598,97.962,79.681,246.59,6nM
6nM_17,2.0,34.726,150.29,0.085328,79.649,67.641,138.11,6nM
6nM_17,2.0,37.191,114.03,0.07885,85.677,68.447,183.74,6nM
6nM_17,2.0,39.64,154.07,0.098232,100.95,82.1,185.05,6nM
6nM_17,2.0,42.089,121.74,0.11298,98.586,79.471,194.59,6nM
6nM_17,2.0,44.554,196.95,0.12502,119.25,99.647,248.32,6nM
6nM_23,2.0,0.0,,0.084873,2.8361,2.239,5.1468,6nM
6nM_23,2.0,2.404,234.16,0.011572,4.8544,5.0094,13.712,6nM
6nM_23,2.0,4.884,282.43,0.038444,18.254,12.448,147.19,6nM
6nM_23,2.0,7.349,125.81,0.050502,27.826,19.718,321.48,6nM
6nM_23,2.0,9.814,131.01,0.0497,29.309,21.837,218.25,6nM
6nM_23,2.0,12.809,135.82,0.052142,58.438,46.696,206.1,6nM
6nM_23,2.0,15.29,142.29,0.062999,36.738,32.143,57.692,6nM
6nM_23,2.0,17.739,65.883,0.071035,36.085,26.864,130.65,6nM
6nM_23,2.0,20.219,90.417,0.084873,44.068,32.048,173.92,6nM
6nM_23,2.0,22.668,86.788,0.096533,74.443,57.681,347.14,6nM
6nM_23,2.0,25.149,62.745,0.097058,73.38,57.628,338.01,6nM
6nM_23,2.0,27.598,74.443,0.083462,83.23,71.327,357.84,6nM
6nM_23,2.0,30.92,57.389,0.071305,65.628,53.377,261.2,6nM
6nM_23,2.0,32.496,145.49,0.066001,57.538,44.364,287.26,6nM
6nM_23,2.0,34.946,78.507,0.066214,77.313,59.413,401.84,6nM
6nM_23,2.0,37.925,85.496,0.06806,85.844,72.249,383.15,6nM
6nM_23,2.0,40.421,119.42,0.070772,96.01,82.39,231.91,6nM
6nM_23,2.0,42.886,138.35,0.078118,113.76,97.843,173.47,6nM
6nM_23,2.0,45.335,157.67,0.098292,98.1,81.284,131.57,6nM
6nM_23,2.0,47.784,53.543,0.12449,98.684,75.307,218.66,6nM
6nM_28,3.0,0.0,,0.048141,,,,6nM
6nM_28,3.0,2.449,,0.081519,11.702,10.194,35.124,6nM
6nM_28,3.0,4.883,116.1,0.056772,27.654,17.512,146.32,6nM
6nM_28,3.0,7.347,128.13,0.05585,42.586,38.277,41.68,6nM
6nM_28,3.0,9.812,98.116,0.079472,59.36,43.06,121.63,6nM
6nM_28,3.0,12.261,126.66,0.090055,35.571,33.288,24.129,6nM
6nM_28,3.0,14.726,96.789,0.073891,53.3,37.07,140.8,6nM
6nM_28,3.0,17.659,148.74,0.076573,92.324,54.353,260.34,6nM
6nM_28,3.0,20.108,180.99,0.092087,86.294,64.897,142.95,6nM
6nM_30,3.0,0.0,,0.043763,9.624,6.972,161.12,6nM
6nM_30,3.0,3.027,263.38,0.042163,24.733,19.719,171.84,6nM
6nM_30,3.0,5.507,291.86,0.02514,43.3,37.929,91.663,6nM
6nM_30,3.0,7.972,274.56,0.045756,47.966,43.841,46.881,6nM
6nM_30,3.0,10.437,219.2,0.054164,66.934,61.001,59.431,6nM
6nM_30,3.0,12.917,186.66,0.069065,75.177,63.481,174.16,6nM
6nM_30,3.0,15.398,342.22,0.07605,46.936,46.205,5.3466,6nM
6nM_30,3.0,17.847,195.3,0.069592,55.585,48.4,93.539,6nM
6nM_30,3.0,20.28,236.34,0.049979,78.809,69.742,203.95,6nM
6nM_30,3.0,22.761,306.8,0.055305,85.607,78.43,76.688,6nM
6nM_30,3.0,25.793,122.74,0.049571,72.076,66.889,59.83,6nM
6nM_30,3.0,29.053,,0.08441,,,,6nM
6nM_30,3.0,30.701,205.99,0.064869,71.622,52.592,180.94,6nM
6nM_30,3.0,33.353,44.001,0.064869,78.565,61.548,162.39,6nM
6nM_61,6.0,0.0,,0.032539,,,,6nM
6nM_61,6.0,1.675,,0.089413,,,,6nM
6nM_61,6.0,4.577,,0.10151,41.32,22.724,237.57,6nM
6nM_61,6.0,7.026,177.48,0.079691,25.013,21.545,39.932,6nM
6nM_61,6.0,9.459,128.48,0.10349,26.142,26.012,5.2756,6nM
6nM_61,6.0,11.955,189.82,0.10101,44.485,44.37,5.3377,6nM
6nM_61,6.0,14.405,127.25,0.090639,92.146,68.413,118.93,6nM
6nM_61,6.0,16.854,92.749,0.12797,142.15,97.585,180.09,6nM
6nM_61,6.0,19.303,203.1,0.1207,139.74,95.953,202.39,6nM
6nM_61,6.0,21.737,187.77,0.10052,114.79,93.745,114.21,6nM
6nM_63,6.0,0.0,,0.034822,5.7953,3.6799,102.64,6nM
6nM_63,6.0,2.465,115.56,0.046356,12.965,12.81,5.3296,6nM
6nM_63,6.0,4.914,244.21,0.080098,51.709,45.543,91.126,6nM
6nM_63,6.0,7.379,235.34,0.080429,47.778,35.516,191.21,6nM
6nM_63,6.0,9.828,309.26,0.089188,61.892,49.255,300.66,6nM
6nM_63,6.0,12.278,359.69,0.16829,148.51,124.33,233.88,6nM
6nM_63,6.0,14.727,185.64,0.14289,116.61,95.02,178.3,6nM
6nM_88,10.0,0.0,,0.0099933,,,,6nM
6nM_88,10.0,2.512,,0.010529,7.0723,7.0777,5.3396,6nM
6nM_88,10.0,5.039,391.52,0.010033,14.088,14.318,5.3437,6nM
6nM_88,10.0,7.987,313.37,0.019608,30.24,29.597,15.689,6nM
6nM_88,10.0,10.515,153.0,0.019083,38.02,29.286,118.96,6nM
6nM_88,10.0,12.995,90.318,0.056351,64.444,40.532,255.11,6nM
6nM_88,10.0,15.522,160.52,0.058485,52.797,44.548,103.41,6nM
6nM_88,10.0,18.018,160.97,0.050241,46.268,41.801,53.116,6nM
6nM_88,10.0,20.53,44.979,0.053716,51.992,33.069,226.63,6nM
6nM_88,10.0,23.042,74.662,0.056546,41.169,27.062,167.35,6nM
6nM_88,10.0,25.569,149.0,0.065036,74.871,38.943,287.37,6nM
6nM_88,10.0,28.096,57.648,0.085996,57.181,35.511,216.44,6nM
6nM_88,10.0,30.608,202.99,0.085996,46.222,29.024,245.06,6nM
6nM_88,10.0,33.54,150.5,0.06036,56.55,40.268,159.35,6nM
6nM_88,10.0,36.068,36.325,0.062038,98.702,61.409,262.78,6nM
6nM_88,10.0,38.579,100.6,0.062066,97.104,63.696,207.61,6nM
6nM_88,10.0,41.091,73.883,0.0798,124.97,80.828,231.52,6nM
6nM_88,10.0,43.587,135.13,0.087555,124.74,64.921,365.12,6nM
6nM_88,10.0,46.13,218.7,0.096575,53.575,27.157,271.51,6nM
6nM_88,10.0,48.626,76.363,0.075847,85.723,46.112,344.38,6nM
6nM_88,10.0,51.168,102.04,0.075403,85.251,44.171,333.89,6nM
6nM_88,10.0,53.727,110.82,0.083535,47.98,19.881,371.65,6nM
6nM_88,10.0,56.27,130.29,0.070077,17.557,7.9539,230.11,6nM
6nM_93,11.0,0.0,,0.032039,2.9114,0.95641,273.09,6nM
6nM_93,11.0,2.449,,0.066315,,,,6nM
6nM_93,11.0,4.898,132.98,0.047859,12.909,12.549,5.2869,6nM
6nM_93,11.0,7.534,123.01,0.066587,50.429,41.687,235.4,6nM
6nM_93,11.0,9.796,212.76,0.067412,60.717,54.726,100.65,6nM
6nM_93,11.0,12.792,112.05,0.067219,44.773,41.365,49.042,6nM
6nM_93,11.0,15.256,113.89,0.086058,32.89,24.938,109.56,6nM
6nM_93,11.0,17.737,183.93,0.10488,76.592,64.489,128.13,6nM
6nM_99,11.0,0.0,,0.040093,1.551,1.1659,64.618,6nM
6nM_99,11.0,3.011,91.567,0.04349,3.1382,0.92562,5.0235,6nM
6nM_99,11.0,5.569,277.18,0.046328,25.703,21.931,101.58,6nM
6nM_99,11.0,8.191,201.4,0.039636,50.119,46.654,180.46,6nM
6nM_99,11.0,10.67,170.39,0.04464,58.336,55.221,162.38,6nM
6nM_99,11.0,13.571,108.83,0.050017,54.53,51.441,84.887,6nM
6nM_99,11.0,15.694,223.28,0.063259,46.8,42.315,88.786,6nM
6nM_99,11.0,18.961,136.41,0.058299,37.613,37.167,5.3278,6nM
6nM_99,11.0,20.764,170.0,0.10134,71.91,54.913,253.21,6nM
6nM_99,11.0,23.26,68.302,0.11353,94.69,79.068,154.63,6nM
6nM_99,11.0,25.802,90.769,0.099191,53.943,46.116,85.65,6nM
6nM_104,12.0,0.0,,0.024204,7.1976,7.153,5.329,6nM
6nM_104,12.0,2.23,172.16,0.02277,13.104,13.134,5.3522,6nM
6nM_104,12.0,5.226,133.14,0.024204,18.348,18.331,5.3314,6nM
6nM_104,12.0,7.644,128.27,0.031431,16.366,16.207,5.3286,6nM
6nM_104,12.0,10.124,124.56,0.032135,32.318,26.904,162.23,6nM
6nM_104,12.0,12.573,175.11,0.043624,27.953,27.019,5.2931,6nM
6nM_104,12.0,15.022,142.74,0.052938,32.59,32.476,5.3158,6nM
6nM_104,12.0,17.472,83.255,0.054193,39.067,33.242,86.62,6nM
6nM_104,12.0,19.921,93.886,0.064975,45.098,36.932,149.82,6nM
6nM_104,12.0,22.37,138.27,0.079055,68.732,60.388,178.61,6nM
6nM_104,12.0,25.53,127.24,0.071265,38.717,36.81,28.44,6nM
6nM_104,12.0,27.268,138.24,0.061795,31.796,19.606,247.45,6nM
6nM_104,12.0,30.217,161.97,0.061966,38.778,27.363,141.29,6nM
6nM_104,12.0,32.65,139.51,0.078095,93.233,74.647,247.2,6nM
6nM_106,12.0,0.0,,0.035431,3.2834,2.0955,93.14,6nM
6nM_106,12.0,2.387,218.06,0.035138,12.271,11.935,5.2703,6nM
6nM_106,12.0,4.851,230.45,0.03385,20.963,20.303,5.0775,6nM
6nM_106,12.0,8.382,130.8,0.035138,22.811,21.692,5.0414,6nM
6nM_106,12.0,10.733,147.1,0.056452,24.057,23.88,5.3289,6nM
6nM_106,12.0,13.182,170.1,0.075098,18.862,17.556,5.0572,6nM
6nM_106,12.0,15.584,104.96,0.07229,29.416,19.658,189.92,6nM
6nM_106,12.0,18.018,139.85,0.080087,68.284,54.336,180.18,6nM
6nM_106,12.0,20.451,157.28,0.091159,60.632,52.155,86.593,6nM
6nM_106,12.0,22.916,105.7,0.098768,107.7,89.089,195.53,6nM
6nM_108,12.0,0.0,,0.037425,8.9324,5.0321,153.71,6nM
6nM_108,12.0,2.511,135.33,0.042286,14.416,12.44,43.642,6nM
6nM_108,12.0,5.038,171.62,0.064041,22.505,18.263,66.428,6nM
6nM_108,12.0,7.55,180.7,0.067485,28.127,23.965,65.916,6nM
6nM_108,12.0,11.123,121.64,0.067378,33.511,27.41,103.72,6nM
6nM_108,12.0,13.65,109.0,0.075592,39.216,30.843,115.04,6nM
6nM_108,12.0,16.161,72.873,0.089797,60.036,47.555,180.49,6nM
6nM_108,12.0,18.704,93.372,0.096476,70.333,56.384,163.31,6nM
6nM_108,12.0,21.231,114.59,0.099811,79.643,64.016,221.37,6nM
6nM_121,13.0,0.0,,0.038405,,,,6nM
6nM_121,13.0,2.642,,0.04098,,,,6nM
6nM_121,13.0,5.101,,0.021885,7.9985,8.0425,5.2556,6nM
6nM_121,13.0,8.342,171.53,0.03932,21.276,16.073,95.074,6nM
6nM_121,13.0,10.14,173.29,0.033674,23.267,13.355,220.09,6nM
6nM_121,13.0,12.683,153.76,0.034803,14.653,11.3,71.811,6nM
6nM_121,13.0,15.725,138.47,0.05777,21.678,18.219,52.806,6nM
6nM_207,29.0,0.0,,0.15064,26.537,17.702,102.37,6nM
6nM_207,29.0,2.449,153.17,0.14117,49.708,45.895,23.97,6nM
6nM_207,29.0,4.899,84.352,0.154,75.501,59.139,125.0,6nM
6nM_207,29.0,7.348,179.75,0.15661,87.225,63.982,177.55,6nM
6nM_207,29.0,9.813,132.52,0.15222,116.18,95.294,166.87,6nM
6nM_207,29.0,12.426,95.201,0.15051,124.0,99.209,214.12,6nM
6nM_207,29.0,15.536,119.88,0.15752,154.41,126.93,205.5,6nM
6nM_207,29.0,17.691,109.49,0.17521,189.74,152.26,265.33,6nM
6nM_207,29.0,20.14,249.86,0.18613,242.63,209.03,178.16,6nM
6nM_207,29.0,22.589,59.108,0.19797,282.86,258.05,276.19,6nM
6nM_209,29.0,0.0,,0.18092,,,,6nM
6nM_209,29.0,2.449,,0.15511,58.851,27.394,268.09,6nM
6nM_209,29.0,4.914,96.593,0.14939,100.68,52.656,291.86,6nM
6nM_209,29.0,7.363,116.61,0.15237,142.82,79.489,277.6,6nM
6nM_209,29.0,9.812,75.872,0.16524,160.68,87.989,279.89,6nM
6nM_209,29.0,12.246,110.03,0.17685,181.99,119.4,192.78,6nM
6nM_209,29.0,15.225,102.28,0.17927,163.31,86.344,261.19,6nM
6nM_209,29.0,17.675,163.31,0.20264,251.39,173.03,178.5,6nM
6nM_211,29.0,0.0,,0.10422,17.703,8.791,575.54,6nM
6nM_211,29.0,2.434,,0.14207,,,,6nM
6nM_211,29.0,4.898,,0.10201,,,,6nM
6nM_211,29.0,7.348,62.712,0.10583,51.858,41.408,91.946,6nM
6nM_213,29.0,0.0,,0.082759,15.41,10.643,115.52,6nM
6nM_213,29.0,2.449,98.635,0.067097,27.476,18.512,192.16,6nM
6nM_213,29.0,4.898,130.13,0.09646,75.921,57.654,337.39,6nM
6nM_213,29.0,7.378,157.8,0.11035,90.814,71.78,159.57,6nM
6nM_213,29.0,9.843,91.679,0.14602,103.12,78.031,192.53,6nM
6nM_213,29.0,12.308,109.02,0.18408,148.9,112.17,276.52,6nM
6nM_213,29.0,15.21,90.549,0.21455,177.23,145.23,239.32,6nM
6nM_213,29.0,17.643,110.6,0.18597,197.56,163.18,302.65,6nM
6nM_216,30.0,0.0,,0.036042,,,,6nM
6nM_216,30.0,2.449,,0.03964,20.595,12.385,127.12,6nM
6nM_216,30.0,4.867,276.74,0.067811,60.773,37.856,154.75,6nM
6nM_216,30.0,7.316,156.95,0.11331,113.92,49.972,363.25,6nM
6nM_216,30.0,9.766,145.5,0.16743,148.03,79.698,252.93,6nM
6nM_216,30.0,12.746,88.585,0.18427,169.91,100.99,214.69,6nM
6nM_216,30.0,14.711,129.08,0.20547,203.48,114.11,243.59,6nM
6nM_216,30.0,17.144,121.38,0.24021,221.68,124.78,249.07,6nM
6nM_218,30.0,0.0,,0.053312,3.5578e-11,2.5559e-11,6.5823,6nM
6nM_218,30.0,2.449,155.27,0.018179,14.316,8.171,234.08,6nM
6nM_218,30.0,5.397,70.671,0.052978,28.281,18.058,646.9,6nM
6nM_218,30.0,7.815,73.815,0.06544,43.497,34.124,225.17,6nM
6nM_218,30.0,10.273,123.05,0.056677,54.24,43.222,154.8,6nM
6nM_218,30.0,12.729,134.33,0.075025,78.217,64.485,188.85,6nM
6nM_218,30.0,15.21,148.13,0.07786,93.646,76.588,228.89,6nM
6nM_218,30.0,17.659,94.086,0.1014,102.36,81.623,240.79,6nM
6nM_218,30.0,20.108,155.23,0.10357,136.44,104.81,307.15,6nM
6nM_218,30.0,22.542,94.429,0.15706,175.61,120.12,364.09,6nM
6nM_218,30.0,25.006,107.45,0.20396,196.66,147.21,358.09,6nM
6nM_220,31.0,0.0,,0.13555,14.03,8.4405,4.8712,6nM
6nM_220,31.0,2.995,68.959,0.13555,32.599,23.434,95.925,6nM
6nM_220,31.0,5.46,102.79,0.13788,81.9,59.899,459.14,6nM
6nM_220,31.0,7.878,123.14,0.16668,133.98,92.963,380.81,6nM
6nM_220,31.0,10.327,132.99,0.16787,140.42,105.81,379.4,6nM
6nM_220,31.0,13.406,116.42,0.16961,184.71,139.57,352.7,6nM
antiparallel_66,7.0,0.0,,0.03865,,,,antiparallel
antiparallel_66,7.0,2.465,,0.098177,,,,antiparallel
antiparallel_66,7.0,4.93,,0.093569,,,,antiparallel
antiparallel_66,7.0,7.379,,0.08127,30.742,11.636,315.84,antiparallel
antiparallel_66,7.0,9.844,172.37,0.076608,47.195,23.5,249.36,antiparallel
antiparallel_66,7.0,12.277,104.03,0.098177,60.028,29.888,311.07,antiparallel
antiparallel_70,7.0,0.0,,0.052291,9.5057,5.0183,181.16,antiparallel
antiparallel_70,7.0,6.053,122.23,0.00026575,16.24,10.794,189.48,antiparallel
antiparallel_70,7.0,8.549,170.45,0.045889,13.194,6.7838,153.93,antiparallel
antiparallel_70,7.0,10.998,196.58,0.046379,29.547,18.376,265.18,antiparallel
antiparallel_70,7.0,13.463,135.54,0.055923,41.192,25.408,346.13,antiparallel
antiparallel_70,7.0,15.897,141.17,0.083681,57.384,40.113,277.24,antiparallel
antiparallel_70,7.0,18.361,108.32,0.084483,46.355,31.027,242.42,antiparallel
antiparallel_70,7.0,21.551,130.98,0.097262,25.491,21.464,46.406,antiparallel
antiparallel_70,7.0,23.26,,0.1086,,,,antiparallel
antiparallel_75,8.0,0.0,,0.070545,21.129,13.698,304.43,antiparallel
antiparallel_75,8.0,2.465,123.82,0.070545,13.195,12.101,5.245,antiparallel
antiparallel_75,8.0,4.899,46.618,0.099635,10.588,2.7976,212.95,antiparallel
antiparallel_75,8.0,7.857,,0.10391,,,,antiparallel
antiparallel_75,8.0,9.797,197.0,0.14627,64.373,41.98,312.51,antiparallel
antiparallel_75,8.0,12.307,87.809,0.14515,34.533,21.325,151.8,antiparallel
antiparallel_75,8.0,14.742,75.382,0.14799,45.612,32.159,118.45,antiparallel
antiparallel_75,8.0,17.176,69.745,0.15549,34.755,20.938,1000.0,antiparallel
antiparallel_79,8.0,0.0,,0.0485,9.0877,8.9588,5.3722,antiparallel
antiparallel_79,8.0,3.118,68.493,0.0485,13.252,12.874,5.3005,antiparallel
antiparallel_79,8.0,6.068,114.11,0.071985,31.38,23.697,89.843,antiparallel
antiparallel_79,8.0,7.894,187.34,0.095811,35.836,28.036,64.637,antiparallel
antiparallel_79,8.0,10.343,117.68,0.12642,62.209,37.7,335.31,antiparallel
antiparallel_79,8.0,12.808,97.18,0.14455,44.558,28.167,159.41,antiparallel
antiparallel_79,8.0,15.226,87.292,0.15616,50.451,30.816,235.86,antiparallel
antiparallel_82,9.0,0.0,,0.092423,,,,antiparallel
antiparallel_82,9.0,2.449,,0.015622,21.565,15.202,84.536,antiparallel
antiparallel_82,9.0,4.883,186.13,0.094699,26.162,21.717,50.099,antiparallel
antiparallel_82,9.0,8.346,113.45,0.092922,19.69,13.575,81.899,antiparallel
antiparallel_82,9.0,10.811,176.9,0.089461,32.857,13.327,323.43,antiparallel
antiparallel_82,9.0,13.198,125.57,0.083954,44.248,18.383,301.71,antiparallel
antiparallel_82,9.0,15.647,127.99,0.09096,42.774,21.17,203.6,antiparallel
antiparallel_82,9.0,18.081,128.43,0.10103,40.609,30.825,76.823,antiparallel
antiparallel_82,9.0,20.53,52.498,0.096076,32.956,22.42,103.99,antiparallel
antiparallel_82,9.0,22.995,80.492,0.093164,33.667,19.025,154.62,antiparallel
antiparallel_82,9.0,25.413,113.83,0.087969,31.257,13.724,243.24,antiparallel
antiparallel_82,9.0,,,0.080658,,,,antiparallel
antiparallel_82,9.0,27.862,160.71,0.002842,27.807,12.644,271.93,antiparallel
antiparallel_82,9.0,33.993,128.66,0.070345,7.2643,2.9137,202.15,antiparallel
antiparallel_82,9.0,36.411,110.25,0.080138,20.669,7.5383,245.78,antiparallel
antiparallel_82,9.0,38.891,71.012,0.080346,22.358,5.3535,468.52,antiparallel
antiparallel_82,9.0,41.387,145.22,0.086806,58.86,22.392,417.4,antiparallel
antiparallel_82,9.0,43.821,79.314,0.093661,66.61,17.684,986.66,antiparallel
antiparallel_82,9.0,46.873,66.052,0.093861,61.515,17.188,848.53,antiparallel
antiparallel_82,9.0,48.688,159.33,0.095091,84.016,30.68,470.13,antiparallel
antiparallel_82,9.0,51.137,109.09,0.090286,71.918,28.151,370.4,antiparallel
antiparallel_82,9.0,53.602,114.21,0.092559,52.289,22.038,259.84,antiparallel
antiparallel_82,9.0,56.036,85.958,0.098805,51.424,22.431,269.68,antiparallel
antiparallel_82,9.0,59.015,109.25,0.1066,53.437,35.078,111.4,antiparallel
antiparallel_84,9.0,0.0,,0.018653,3.0208,2.7111,4.9939,antiparallel
antiparallel_84,9.0,2.69,54.475,0.040854,9.4536,5.6054,168.83,antiparallel
antiparallel_84,9.0,4.914,159.09,0.096856,9.8717,3.2677,395.01,antiparallel
antiparallel_84,9.0,7.363,160.34,0.10091,36.876,26.868,126.55,antiparallel
antiparallel_84,9.0,9.812,90.414,0.10854,37.927,26.597,145.93,antiparallel
antiparallel_84,9.0,12.231,48.417,0.11378,37.956,21.677,316.74,antiparallel
antiparallel_84,9.0,14.68,73.172,0.1128,38.275,24.998,187.71,antiparallel
antiparallel_84,9.0,17.082,45.877,0.11189,48.331,32.588,278.2,antiparallel
antiparallel_84,9.0,20.2,66.138,0.099539,65.425,40.768,428.45,antiparallel
antiparallel_84,9.0,23.15,203.5,0.1066,49.494,34.41,186.12,antiparallel
antiparallel_86,9.0,0.0,,0.078648,6.9799,2.4752,89.476,antiparallel
antiparallel_86,9.0,2.434,161.33,0.080561,22.558,11.76,319.93,antiparallel
antiparallel_86,9.0,4.883,170.53,0.083224,33.256,22.754,156.29,antiparallel
antiparallel_86,9.0,7.316,110.29,0.094336,29.074,18.254,181.76,antiparallel
antiparallel_86,9.0,9.959,189.59,0.08606,14.558,5.6435,239.13,antiparallel
antiparallel_86,9.0,12.23,171.08,0.10171,33.804,29.381,46.188,antiparallel
antiparallel_86,9.0,14.68,49.145,0.092243,24.921,20.068,70.724,antiparallel
antiparallel_86,9.0,17.113,75.114,0.081555,31.498,20.799,252.65,antiparallel
antiparallel_86,9.0,20.171,45.495,0.073203,46.902,32.439,772.57,antiparallel
antiparallel_86,9.0,22.605,,0.068923,,,,antiparallel
antiparallel_86,9.0,25.069,210.52,0.074168,46.65,31.047,339.13,antiparallel
antiparallel_86,9.0,27.487,144.27,0.076891,42.081,30.095,177.89,antiparallel
antiparallel_86,9.0,29.937,64.672,0.084173,28.597,15.521,298.26,antiparallel
antiparallel_124,14.0,0.0,,0.079522,,,,antiparallel
antiparallel_124,14.0,2.434,,0.079522,23.221,7.0508,558.06,antiparallel
antiparallel_124,14.0,4.883,184.6,0.081527,34.055,21.538,119.07,antiparallel
antiparallel_124,14.0,7.348,184.77,0.094393,27.73,19.813,80.374,antiparallel
antiparallel_124,14.0,10.406,139.03,0.09945,18.744,6.2444,329.26,antiparallel
antiparallel_124,14.0,12.855,223.02,0.093618,31.837,13.288,254.34,antiparallel
antiparallel_124,14.0,15.288,176.92,0.095787,53.708,33.513,162.34,antiparallel
antiparallel_124,14.0,17.738,108.07,0.10087,82.197,37.121,307.75,antiparallel
antiparallel_124,14.0,20.171,182.61,0.10156,51.609,32.324,156.23,antiparallel
antiparallel_124,14.0,22.62,129.51,0.095056,49.338,33.252,117.16,antiparallel
antiparallel_124,14.0,25.07,123.02,0.094728,50.751,30.715,134.53,antiparallel
antiparallel_124,14.0,27.519,137.51,0.11332,46.322,31.863,103.19,antiparallel
antiparallel_124,14.0,30.447,83.768,0.1165,62.507,38.927,158.47,antiparallel
antiparallel_124,14.0,32.402,102.23,0.12791,67.897,38.358,192.39,antiparallel
antiparallel_124,14.0,35.366,83.872,0.13717,114.83,69.234,236.59,antiparallel
antiparallel_124,14.0,37.846,77.302,0.12995,106.18,67.402,198.82,antiparallel
antiparallel_124,14.0,40.311,25.377,0.12297,77.591,40.044,208.94,antiparallel
antiparallel_124,14.0,42.76,74.19,0.10177,56.091,21.897,309.1,antiparallel
antiparallel_124,14.0,45.225,174.89,0.090865,38.253,14.849,305.49,antiparallel
antiparallel_128,14.0,0.0,,0.074892,11.632,9.0428,56.244,antiparallel
antiparallel_128,14.0,2.45,213.47,0.077656,27.91,19.669,181.13,antiparallel
antiparallel_128,14.0,4.899,228.96,0.060687,54.454,38.931,381.81,antiparallel
antiparallel_128,14.0,7.379,220.14,0.067963,61.087,49.784,170.39,antiparallel
antiparallel_128,14.0,9.828,146.54,0.090508,68.707,56.051,152.09,antiparallel
antiparallel_128,14.0,12.808,134.08,0.091953,51.842,38.965,171.89,antiparallel
antiparallel_128,14.0,15.257,,0.085694,,,,antiparallel
antiparallel_128,14.0,17.722,171.55,0.084831,24.759,17.902,196.4,antiparallel
antiparallel_133,15.0,0.0,,0.074799,,,,antiparallel
antiparallel_133,15.0,1.597,,0.067254,13.321,8.4205,97.042,antiparallel
antiparallel_133,15.0,5.731,220.85,0.063376,7.4382,4.0098,87.942,antiparallel
antiparallel_133,15.0,9.02,186.42,0.065193,12.848,12.121,11.321,antiparallel
antiparallel_133,15.0,10.614,264.48,0.053319,29.523,7.6554,794.45,antiparallel
antiparallel_133,15.0,13.047,341.6,0.053661,12.588,0.085207,5.0502,antiparallel
antiparallel_133,15.0,15.528,298.22,0.068514,28.859,9.0567,449.17,antiparallel
antiparallel_133,15.0,17.946,247.4,0.063656,39.877,15.741,344.63,antiparallel
antiparallel_133,15.0,20.395,147.59,0.070398,33.735,18.084,188.46,antiparallel
antiparallel_133,15.0,22.844,155.98,0.069554,33.107,22.304,118.22,antiparallel
antiparallel_135,15.0,0.0,,0.043518,,,,antiparallel
antiparallel_135,15.0,2.48,,0.032222,2.6869,2.666,5.0486,antiparallel
antiparallel_135,15.0,4.929,229.71,0.042239,8.8601,3.8969,169.28,antiparallel
antiparallel_135,15.0,7.379,274.77,0.034594,12.751,5.3778,274.68,antiparallel
antiparallel_135,15.0,9.828,188.07,0.037331,8.4982,1.7406,1000.0,antiparallel
antiparallel_135,15.0,12.823,276.18,0.045782,11.169,5.0914,170.21,antiparallel
antiparallel_135,15.0,15.9,253.2,0.040089,24.69,11.909,279.27,antiparallel
antiparallel_135,15.0,17.768,292.16,0.052755,20.637,13.435,118.83,antiparallel
antiparallel_135,15.0,20.217,150.25,0.050726,32.188,11.47,423.64,antiparallel
antiparallel_135,15.0,22.667,259.59,0.052812,20.036,13.867,99.265,antiparallel
antiparallel_135,15.0,25.116,135.24,0.05791,27.142,16.633,134.83,antiparallel
antiparallel_135,15.0,27.581,137.48,0.0589,33.568,23.265,124.84,antiparallel
antiparallel_135,15.0,30.014,88.774,0.063935,34.661,25.327,105.15,antiparallel
antiparallel_135,15.0,,,0.001223,,,,antiparallel
antiparallel_135,15.0,32.463,53.812,0.061381,33.602,23.967,108.52,antiparallel
antiparallel_135,15.0,38.594,87.963,0.065192,49.035,26.837,232.63,antiparallel
antiparallel_135,15.0,41.075,119.84,0.083757,57.094,17.069,646.98,antiparallel
antiparallel_135,15.0,43.524,197.91,0.088114,70.196,44.926,197.65,antiparallel
antiparallel_135,15.0,45.973,116.3,0.083538,67.074,49.194,130.9,antiparallel
antiparallel_135,15.0,48.422,92.257,0.066738,53.162,35.088,176.27,antiparallel
antiparallel_135,15.0,50.871,102.49,0.059637,53.205,27.559,300.01,antiparallel
antiparallel_135,15.0,54.07,,0.061168,,,,antiparallel
antiparallel_135,15.0,55.754,,0.060372,,,,antiparallel
antiparallel_135,15.0,58.219,160.01,0.081597,31.895,21.779,103.07,antiparallel
antiparallel_135,15.0,60.637,47.458,0.083828,24.171,9.3941,277.61,antiparallel
antiparallel_135,15.0,63.617,58.265,0.08715,26.538,5.6141,627.04,antiparallel
antiparallel_135,15.0,66.05,247.97,0.095066,31.99,14.254,255.84,antiparallel
antiparallel_135,15.0,68.546,93.176,0.081423,72.044,25.769,528.82,antiparallel
antiparallel_135,15.0,70.995,61.703,0.07544,59.256,22.532,563.17,antiparallel
antiparallel_135,15.0,73.476,119.46,0.071793,70.159,32.071,332.2,antiparallel
antiparallel_135,15.0,75.956,142.12,0.066919,56.958,37.921,178.01,antiparallel
antiparallel_135,15.0,78.421,46.823,0.064641,55.986,31.303,281.79,antiparallel
antiparallel_140,16.0,0.0,,0.033654,,,,antiparallel
antiparallel_140,16.0,2.496,,0.04994,,,,antiparallel
antiparallel_140,16.0,4.977,,0.025036,8.1018,3.4413,103.64,antiparallel
antiparallel_140,16.0,7.925,119.15,0.005025,13.895,7.1498,127.25,antiparallel
antiparallel_140,16.0,10.374,67.568,0.073343,10.592,9.6132,4.8548,antiparallel
antiparallel_140,16.0,12.959,,0.071868,,,,antiparallel
antiparallel_140,16.0,15.273,212.16,0.059501,6.9372,6.898,4.9696,antiparallel
antiparallel_140,16.0,17.753,42.227,0.06417,2.9868,0.31261,800.44,antiparallel
antiparallel_140,16.0,20.202,165.35,0.068897,0.63098,6.904e-11,929.27,antiparallel
antiparallel_140,16.0,22.636,135.92,0.067873,3.3535e-12,3.1021e-14,977.05,antiparallel
antiparallel_140,16.0,25.054,154.34,0.063665,5.7529,2.6253,85.376,antiparallel
antiparallel_140,16.0,27.488,110.87,0.066161,16.054,8.4223,134.51,antiparallel
antiparallel_140,16.0,29.937,87.732,0.06735,17.203,10.207,118.54,antiparallel
antiparallel_140,16.0,32.979,97.809,0.065021,30.822,12.219,386.18,antiparallel
antiparallel_140,16.0,35.444,170.73,0.064464,48.799,24.72,257.19,antiparallel
antiparallel_140,16.0,38.649,91.976,0.064356,44.504,21.266,247.55,antiparallel
antiparallel_140,16.0,40.295,178.17,0.074356,30.177,11.912,324.98,antiparallel
antiparallel_140,16.0,42.745,122.76,0.078928,35.434,18.06,211.43,antiparallel
antiparallel_140,16.0,45.178,27.687,0.079579,22.545,5.6193,1000.0,antiparallel
antiparallel_140,16.0,47.612,242.85,0.066026,47.862,30.491,5.3915,antiparallel
antiparallel_140,16.0,50.061,-36.964,0.066026,52.14,20.533,365.82,antiparallel
antiparallel_140,16.0,52.463,109.5,0.071625,67.64,42.206,207.7,antiparallel
antiparallel_142,16.0,0.0,,0.047607,5.4321,2.0825,229.36,antiparallel
antiparallel_142,16.0,2.465,43.614,0.051,16.574,11.17,219.36,antiparallel
antiparallel_142,16.0,5.475,126.99,0.048979,23.558,15.897,158.85,antiparallel
antiparallel_142,16.0,7.94,101.72,0.067924,18.76,11.924,232.48,antiparallel
antiparallel_142,16.0,10.421,120.4,0.061422,13.856,7.1591,278.33,antiparallel
antiparallel_142,16.0,12.854,260.7,0.055822,24.482,13.971,412.26,antiparallel
antiparallel_142,16.0,15.303,86.31,0.085421,37.056,26.919,182.97,antiparallel
antiparallel_144,16.0,0.0,,0.0016314,,,,antiparallel
antiparallel_144,16.0,6.099,,0.049024,13.808,6.4587,213.04,antiparallel
antiparallel_144,16.0,8.595,132.94,0.041761,20.261,8.8221,308.67,antiparallel
antiparallel_144,16.0,11.06,38.119,0.049251,48.746,13.819,983.0,antiparallel
antiparallel_144,16.0,13.494,43.344,0.05104,32.433,13.793,326.02,antiparallel
antiparallel_144,16.0,15.943,139.65,0.05104,36.38,21.967,187.1,antiparallel
antiparallel_144,16.0,18.376,205.15,0.053726,19.441,12.775,100.99,antiparallel
antiparallel_144,16.0,20.857,122.08,0.067057,19.41,11.486,126.93,antiparallel
antiparallel_144,16.0,23.306,120.21,0.061196,31.477,15.559,234.57,antiparallel
antiparallel_144,16.0,25.755,52.9,0.063659,46.503,15.392,502.55,antiparallel
antiparallel_144,16.0,28.182,98.798,0.073446,55.046,23.504,339.94,antiparallel
antiparallel_157,19.0,0.0,,0.073526,19.777,13.447,230.6,antiparallel
antiparallel_157,19.0,2.465,130.01,0.062796,38.383,29.55,136.12,antiparallel
antiparallel_157,19.0,4.899,128.04,0.075017,35.549,34.487,5.2983,antiparallel
antiparallel_157,19.0,7.364,160.4,0.079646,34.343,31.004,34.907,antiparallel
antiparallel_157,19.0,9.844,83.845,0.086236,27.45,17.391,217.74,antiparallel
antiparallel_157,19.0,12.309,137.19,0.091547,38.081,32.593,49.856,antiparallel
antiparallel_157,19.0,14.758,141.42,0.092621,43.841,33.169,121.03,antiparallel
antiparallel_157,19.0,17.176,125.21,0.095019,59.65,45.11,167.26,antiparallel
antiparallel_157,19.0,20.327,53.626,0.10951,56.683,40.519,567.43,antiparallel
antiparallel_157,19.0,23.728,256.5,0.096,27.311,17.992,151.92,antiparallel
antiparallel_157,19.0,26.208,124.04,0.064801,31.904,19.67,239.26,antiparallel
antiparallel_157,19.0,28.658,173.09,0.070149,30.462,24.689,77.116,antiparallel
antiparallel_157,19.0,31.154,139.37,0.070343,25.34,21.727,47.167,antiparallel
antiparallel_157,19.0,33.947,,0.068145,,,,antiparallel
antiparallel_157,19.0,36.036,,0.065015,,,,antiparallel
antiparallel_160,20.0,0.0,,0.045103,,,,antiparallel
antiparallel_160,20.0,2.917,,0.044813,7.4229,4.6682,106.04,antiparallel
antiparallel_160,20.0,5.382,76.359,0.046216,10.209,3.3564,429.24,antiparallel
antiparallel_160,20.0,8.157,174.28,0.045629,21.64,7.5203,401.77,antiparallel
antiparallel_160,20.0,10.249,241.43,0.044586,15.911,6.7471,259.07,antiparallel
antiparallel_160,20.0,12.729,195.14,0.051891,19.48,11.036,160.69,antiparallel
antiparallel_160,20.0,15.163,95.842,0.05366,19.741,10.17,207.27,antiparallel
antiparallel_160,20.0,17.643,108.7,0.056694,16.624,5.1084,406.81,antiparallel
antiparallel_160,20.0,20.093,200.08,0.061713,17.145,8.0788,168.82,antiparallel
antiparallel_160,20.0,,,0.0052402,,,,antiparallel
antiparallel_160,20.0,22.526,135.17,0.069136,23.119,9.3047,303.47,antiparallel
antiparallel_160,20.0,28.626,197.16,0.094293,37.22,10.867,476.18,antiparallel
antiparallel_160,20.0,31.059,57.239,0.10436,24.659,5.849,1000.0,antiparallel
antiparallel_160,20.0,33.509,89.466,0.11355,43.475,16.315,357.65,antiparallel
antiparallel_160,20.0,35.958,65.331,0.11563,49.343,20.272,302.02,antiparallel
antiparallel_160,20.0,38.407,74.533,0.10822,46.32,20.26,270.74,antiparallel
antiparallel_160,20.0,41.727,41.295,0.1,34.654,11.657,372.22,antiparallel
antiparallel_160,20.0,43.321,202.8,0.091638,26.557,14.086,154.05,antiparallel
antiparallel_160,20.0,45.867,81.863,0.093678,23.573,12.693,124.68,antiparallel
antiparallel_160,20.0,48.251,20.287,0.093678,17.566,8.393,121.6,antiparallel
antiparallel_160,20.0,50.684,54.977,0.096588,21.148,8.4343,175.19,antiparallel
antiparallel_160,20.0,53.664,54.871,0.095586,23.324,6.7617,228.88,antiparallel
antiparallel_160,20.0,56.129,92.56,0.097511,15.715,5.7891,156.15,antiparallel
antiparallel_162,20.0,0.0,,0.040654,,,,antiparallel
antiparallel_162,20.0,2.863,,0.039254,6.8083,2.4446,297.97,antiparallel
antiparallel_162,20.0,4.914,80.643,0.039254,8.5541,2.7365,259.99,antiparallel
antiparallel_162,20.0,7.395,172.94,0.039254,14.408,4.9384,344.9,antiparallel
antiparallel_162,20.0,9.859,191.16,0.043445,9.4704,1.9645,900.27,antiparallel
antiparallel_162,20.0,13.291,222.94,0.04536,21.348,5.7397,1000.0,antiparallel
antiparallel_162,20.0,15.756,132.98,0.044222,18.914,7.2079,334.57,antiparallel
antiparallel_162,20.0,18.205,89.48,0.047421,23.593,6.6746,691.17,antiparallel
antiparallel_162,20.0,20.655,137.92,0.057795,30.134,8.4739,787.47,antiparallel
antiparallel_162,20.0,23.104,329.86,0.055784,28.165,13.317,227.69,antiparallel
antiparallel_162,20.0,25.553,163.44,0.066761,4.2686,4.2114,5.0169,antiparallel
antiparallel_162,20.0,27.987,290.29,0.061465,2.5436e-10,1.2595e-10,999.61,antiparallel
antiparallel_162,20.0,30.733,175.62,0.075002,30.894,11.787,315.07,antiparallel
antiparallel_162,20.0,32.885,,0.094196,,,,antiparallel
antiparallel_162,20.0,35.35,171.29,0.08187,26.834,10.247,274.59,antiparallel
antiparallel_162,20.0,38.329,99.824,0.070218,16.45,5.9069,272.62,antiparallel
antiparallel_162,20.0,40.779,,0.079839,,,,antiparallel
antiparallel_165,21.0,0.0,,0.10053,,,,antiparallel
antiparallel_165,21.0,2.45,,0.093637,15.596,11.973,58.039,antiparallel
antiparallel_165,21.0,4.883,100.02,0.11181,25.746,9.5066,295.32,antiparallel
antiparallel_165,21.0,7.332,111.08,0.10866,34.991,17.561,202.51,antiparallel
antiparallel_165,21.0,9.797,110.67,0.082969,49.317,25.165,250.01,antiparallel
antiparallel_165,21.0,12.839,105.3,0.063039,24.863,9.8014,317.04,antiparallel
antiparallel_165,21.0,15.257,218.79,0.073452,23.255,14.524,121.16,antiparallel
antiparallel_165,21.0,17.706,91.977,0.072174,39.997,23.27,199.07,antiparallel
antiparallel_165,21.0,20.156,95.061,0.066539,41.352,25.629,176.22,antiparallel
antiparallel_165,21.0,23.012,49.745,0.063694,39.185,18.109,288.23,antiparallel
antiparallel_165,21.0,25.07,73.939,0.075928,39.283,9.1235,771.13,antiparallel
antiparallel_165,21.0,27.534,174.49,0.074768,50.218,15.227,645.55,antiparallel
antiparallel_167,21.0,0.0,,0.097287,8.7573,6.9669,26.416,antiparallel
antiparallel_167,21.0,2.449,35.543,0.05005,14.024,9.3295,515.33,antiparallel
antiparallel_167,21.0,4.898,226.12,0.05005,23.996,14.416,207.71,antiparallel
antiparallel_167,21.0,7.348,191.2,0.070892,28.489,21.898,85.463,antiparallel
antiparallel_167,21.0,9.844,70.15,0.08427,18.779,9.1335,159.5,antiparallel
antiparallel_167,21.0,12.854,117.57,0.10043,54.551,34.361,782.26,antiparallel
antiparallel_167,21.0,15.288,126.0,0.11519,51.546,33.329,310.35,antiparallel
antiparallel_167,21.0,17.737,173.1,0.088567,34.287,21.159,243.37,antiparallel
antiparallel_167,21.0,20.537,112.39,0.076528,15.506,6.4349,354.61,antiparallel
antiparallel_167,21.0,22.636,383.53,0.075375,46.561,30.395,327.53,antiparallel
antiparallel_167,21.0,25.132,77.854,0.078907,48.565,34.954,192.5,antiparallel
antiparallel_167,21.0,27.612,56.196,0.080302,46.206,32.953,168.06,antiparallel
antiparallel_167,21.0,30.061,98.076,0.088601,37.741,24.898,187.24,antiparallel
antiparallel_167,21.0,32.51,108.49,0.1025,36.017,22.16,345.36,antiparallel
antiparallel_167,21.0,34.944,73.878,0.10265,39.375,25.558,231.05,antiparallel
antiparallel_167,21.0,37.924,92.448,0.096427,42.269,29.315,195.04,antiparallel
antiparallel_167,21.0,40.357,109.91,0.091179,38.577,27.335,157.49,antiparallel
antiparallel_167,21.0,42.807,33.333,0.086106,31.383,20.893,732.52,antiparallel
antiparallel_167,21.0,45.271,,0.087461,,,,antiparallel
antiparallel_167,21.0,47.705,,0.093977,,,,antiparallel
antiparallel_170,22.0,0.0,,0.054623,12.881,7.5675,329.31,antiparallel
antiparallel_170,22.0,2.449,10.552,0.054623,18.982,12.394,308.93,antiparallel
antiparallel_170,22.0,4.914,55.96,0.058242,18.052,9.9184,291.3,antiparallel
antiparallel_170,22.0,8.02,103.79,0.059472,15.186,9.7544,206.37,antiparallel
antiparallel_170,22.0,11.13,173.13,0.072675,6.2899,3.1094,5.0172,antiparallel
antiparallel_170,22.0,12.807,42.625,0.068521,19.664,10.328,294.93,antiparallel
antiparallel_170,22.0,15.272,67.655,0.0755,18.034,9.8775,423.01,antiparallel
antiparallel_170,22.0,17.721,180.7,0.081064,38.147,30.906,882.0,antiparallel
antiparallel_170,22.0,20.17,50.371,0.0822,31.881,19.752,328.46,antiparallel
antiparallel_170,22.0,22.604,94.079,0.081064,32.537,24.309,814.77,antiparallel
antiparallel_170,22.0,25.038,79.392,0.084474,32.012,25.056,1000.0,antiparallel
antiparallel_170,22.0,27.487,116.14,0.074701,21.364,12.119,310.28,antiparallel
antiparallel_170,22.0,,,0.0,,,,antiparallel
antiparallel_170,22.0,29.92,91.219,0.072786,27.515,14.971,526.78,antiparallel
antiparallel_170,22.0,36.55,104.54,0.081431,14.577,9.6924,1000.0,antiparallel
antiparallel_172,22.0,0.0,,0.067441,,,,antiparallel
antiparallel_172,22.0,2.79,,0.07075,16.757,8.4153,153.82,antiparallel
antiparallel_172,22.0,5.078,49.193,0.070917,14.765,3.3582,924.77,antiparallel
antiparallel_172,22.0,7.542,153.78,0.061411,18.863,4.2681,1000.0,antiparallel
antiparallel_172,22.0,10.007,174.65,0.061507,33.703,14.198,312.73,antiparallel
antiparallel_172,22.0,12.488,66.587,0.067441,20.055,6.734,382.38,antiparallel
antiparallel_174,22.0,0.0,,0.064106,,,,antiparallel
antiparallel_174,22.0,2.433,,0.022493,,,,antiparallel
antiparallel_174,22.0,,,0.0,,,,antiparallel
antiparallel_174,22.0,4.883,,0.055073,,,,antiparallel
antiparallel_174,22.0,10.998,,0.055073,,,,antiparallel
antiparallel_174,22.0,13.483,,0.047296,7.5633,7.2118,5.319,antiparallel
antiparallel_174,22.0,15.896,80.881,0.06338,18.096,9.175,183.47,antiparallel
antiparallel_174,22.0,18.345,48.978,0.063216,8.7973,3.0677,322.33,antiparallel
antiparallel_174,22.0,20.795,271.7,0.058937,19.52,14.567,11.116,antiparallel
antiparallel_174,22.0,23.244,81.245,0.061858,28.453,7.8032,468.65,antiparallel
antiparallel_174,22.0,25.693,131.99,0.070066,32.108,11.229,387.72,antiparallel
antiparallel_174,22.0,28.158,167.43,0.081096,39.008,12.741,445.21,antiparallel
antiparallel_174,22.0,30.623,152.46,0.082445,35.72,13.738,312.4,antiparallel
antiparallel_174,22.0,33.056,49.06,0.08203,28.971,6.6042,894.69,antiparallel
antiparallel_174,22.0,36.051,179.65,0.067553,35.82,12.36,490.48,antiparallel
antiparallel_174,22.0,38.863,6.3783,0.072515,31.361,7.3614,1000.0,antiparallel
antiparallel_174,22.0,40.934,90.057,0.069978,44.191,12.113,737.86,antiparallel
antiparallel_174,22.0,43.383,140.53,0.066199,47.081,15.038,505.1,antiparallel
antiparallel_177,23.0,0.0,,0.032927,,,,antiparallel
antiparallel_177,23.0,2.443,,0.02379,,,,antiparallel
antiparallel_177,23.0,4.867,,0.029474,1.5373,9.8045e-12,899.72,antiparallel
antiparallel_177,23.0,,,0.012558,,,,antiparallel
antiparallel_177,23.0,7.316,82.05,0.00017375,5.3929,3.7858,77.293,antiparallel
antiparallel_177,23.0,14.009,125.82,0.012558,6.5396,2.1496,200.39,antiparallel
antiparallel_177,23.0,16.843,171.93,0.041402,27.862,9.5319,428.29,antiparallel
antiparallel_177,23.0,18.954,117.85,0.048261,21.918,10.861,230.21,antiparallel
antiparallel_177,23.0,21.419,128.97,0.048419,20.008,6.2886,581.03,antiparallel
antiparallel_177,23.0,23.868,192.49,0.046598,36.587,14.404,444.59,antiparallel
antiparallel_177,23.0,26.286,140.41,0.048243,27.257,16.542,163.27,antiparallel
antiparallel_177,23.0,28.735,77.187,0.053023,25.824,8.3981,443.34,antiparallel
antiparallel_177,23.0,31.184,157.01,0.055659,18.85,7.4566,228.03,antiparallel
antiparallel_177,23.0,33.634,156.17,0.059142,16.727,7.5113,205.97,antiparallel
antiparallel_177,23.0,36.13,124.35,0.054756,19.737,10.188,188.03,antiparallel
antiparallel_177,23.0,39.14,148.0,0.054336,32.406,15.698,249.51,antiparallel
antiparallel_177,23.0,41.574,134.86,0.057882,34.619,23.892,110.99,antiparallel
antiparallel_177,23.0,44.023,74.604,0.069865,29.531,15.087,187.06,antiparallel
antiparallel_177,23.0,46.823,84.734,0.087947,36.911,16.119,286.45,antiparallel
antiparallel_177,23.0,48.922,108.2,0.088011,26.805,13.129,186.87,antiparallel
antiparallel_177,23.0,51.418,123.1,0.076366,20.429,13.864,94.675,antiparallel
antiparallel_177,23.0,53.898,95.761,0.063504,19.329,12.456,113.03,antiparallel
antiparallel_177,23.0,56.347,71.506,0.06238,15.929,11.406,71.959,antiparallel
antiparallel_177,23.0,58.796,54.325,0.061921,19.786,8.9177,224.9,antiparallel
antiparallel_177,23.0,61.23,80.657,0.055746,25.084,11.714,253.88,antiparallel
antiparallel_177,23.0,64.21,,0.049965,,,,antiparallel
antiparallel_182,24.0,0.0,,0.01454,2.8285,1.9027,4.8309,antiparallel
antiparallel_182,24.0,3.167,153.99,0.084986,13.918,10.135,58.42,antiparallel
antiparallel_182,24.0,4.898,63.466,0.084986,28.022,19.919,122.42,antiparallel
antiparallel_182,24.0,7.348,126.04,0.077384,25.813,20.256,80.659,antiparallel
antiparallel_182,24.0,9.797,118.88,0.080057,35.412,25.484,140.01,antiparallel
antiparallel_182,24.0,12.714,,0.078656,,,,antiparallel
antiparallel_182,24.0,15.163,123.59,0.087933,29.985,23.623,1000.0,antiparallel
antiparallel_182,24.0,17.628,244.77,0.10726,43.322,27.98,238.43,antiparallel
antiparallel_185,25.0,0.0,,0.049733,,,,antiparallel
antiparallel_185,25.0,2.48,,0.07289,20.319,9.2983,246.3,antiparallel
antiparallel_185,25.0,4.961,96.458,0.066804,31.386,11.758,375.43,antiparallel
antiparallel_185,25.0,7.41,154.92,0.065806,26.063,11.588,235.0,antiparallel
antiparallel_185,25.0,9.859,137.92,0.065349,23.376,6.4144,606.06,antiparallel
antiparallel_185,25.0,12.293,129.87,0.072195,22.141,7.6326,373.3,antiparallel
antiparallel_185,25.0,14.742,230.29,0.072851,43.719,15.133,394.85,antiparallel
antiparallel_185,25.0,17.737,34.961,0.093112,72.955,27.135,405.72,antiparallel
antiparallel_185,25.0,20.218,61.934,0.093506,62.035,22.274,416.84,antiparallel
antiparallel_185,25.0,23.36,115.95,0.093377,45.181,13.279,618.31,antiparallel
antiparallel_185,25.0,25.132,171.53,0.085201,62.775,18.726,652.76,antiparallel
antiparallel_185,25.0,27.55,180.47,0.083881,58.296,20.422,392.1,antiparallel
antiparallel_185,25.0,30.014,117.58,0.093006,59.406,20.776,397.73,antiparallel
antiparallel_185,25.0,32.448,96.6,0.10712,62.695,25.499,355.1,antiparallel
antiparallel_185,25.0,34.897,123.96,0.10912,63.727,37.096,183.91,antiparallel
antiparallel_185,25.0,37.362,64.932,0.11499,58.272,23.149,354.0,antiparallel
antiparallel_185,25.0,39.811,107.52,0.11778,53.749,23.068,274.14,antiparallel
antiparallel_185,25.0,43.51,72.697,0.11809,51.507,19.007,323.83,antiparallel
antiparallel_185,25.0,45.115,127.08,0.12704,59.508,18.219,491.82,antiparallel
antiparallel_185,25.0,47.65,117.49,0.12611,53.246,18.035,406.17,antiparallel
antiparallel_185,25.0,50.029,99.567,0.11303,31.956,10.61,394.67,antiparallel
antiparallel_185,25.0,52.478,38.169,0.098641,35.273,8.9354,836.42,antiparallel
antiparallel_185,25.0,54.928,99.827,0.098641,32.933,20.517,128.67,antiparallel
antiparallel_185,25.0,57.361,36.089,0.086193,41.989,19.192,280.58,antiparallel
antiparallel_185,25.0,59.826,45.467,0.083975,48.531,17.584,392.66,antiparallel
antiparallel_185,25.0,62.275,,0.080589,,,,antiparallel
antiparallel_185,25.0,64.74,,0.080589,,,,antiparallel
antiparallel_185,25.0,67.798,100.88,0.083975,29.594,10.91,342.06,antiparallel
antiparallel_185,25.0,70.247,92.723,0.072866,18.962,9.1513,178.54,antiparallel
antiparallel_185,25.0,72.712,110.62,0.06644,19.876,10.426,152.4,antiparallel
antiparallel_199,27.0,0.0,,0.078035,,,,antiparallel
antiparallel_199,27.0,2.528,,0.074321,7.804,2.0115,331.43,antiparallel
antiparallel_199,27.0,5.055,186.46,0.078035,22.28,8.2441,400.82,antiparallel
antiparallel_199,27.0,7.551,141.86,0.087508,17.659,5.7844,256.41,antiparallel
antiparallel_199,27.0,10.062,109.16,0.094922,13.931,4.7185,246.95,antiparallel
antiparallel_199,27.0,12.558,126.02,0.10227,6.0078,6.0541,5.042,antiparallel
antiparallel_199,27.0,15.07,88.922,0.10419,37.92,9.6634,656.44,antiparallel
antiparallel_199,27.0,17.582,87.554,0.10316,25.875,9.1475,286.82,antiparallel
antiparallel_199,27.0,20.608,88.87,0.095196,53.778,18.348,420.92,antiparallel
antiparallel_199,27.0,23.12,117.87,0.092046,56.015,23.423,319.55,antiparallel
antiparallel_199,27.0,25.631,88.727,0.091897,43.339,15.542,394.15,antiparallel
antiparallel_199,27.0,28.143,106.8,0.089753,58.501,17.144,619.49,antiparallel
antiparallel_199,27.0,30.67,132.43,0.093738,77.65,24.302,616.28,antiparallel
antiparallel_199,27.0,33.166,153.64,0.091727,76.469,30.497,343.45,antiparallel
antiparallel_199,27.0,35.693,43.974,0.090406,84.102,34.13,376.43,antiparallel
antiparallel_199,27.0,38.205,42.813,0.087063,79.507,29.713,456.27,antiparallel
antiparallel_199,27.0,,,0.0040319,,,,antiparallel
antiparallel_199,27.0,40.685,93.708,0.090719,57.597,20.491,411.95,antiparallel
antiparallel_199,27.0,47.751,63.02,0.093983,64.603,24.104,388.18,antiparallel
antiparallel_199,27.0,49.437,85.718,0.099661,50.083,16.23,399.79,antiparallel
antiparallel_199,27.0,51.964,146.6,0.10013,35.545,10.951,455.74,antiparallel
antiparallel_199,27.0,54.476,114.33,0.10291,47.674,19.905,297.73,antiparallel
antiparallel_199,27.0,56.987,22.089,0.10263,32.041,9.4479,569.53,antiparallel
antiparallel_199,27.0,59.483,91.969,0.099668,57.394,17.079,608.33,antiparallel
antiparallel_199,27.0,61.964,107.49,0.094655,94.559,31.634,582.04,antiparallel
antiparallel_199,27.0,64.475,81.239,0.092006,79.817,29.164,432.64,antiparallel
antiparallel_199,27.0,66.987,92.326,0.094938,84.397,31.729,418.57,antiparallel
antiparallel_199,27.0,69.53,43.718,0.096086,84.046,30.087,464.1,antiparallel
antiparallel_199,27.0,72.541,40.554,0.099541,79.702,27.723,461.91,antiparallel
antiparallel_202,28.0,0.0,,0.034372,5.5372,2.7277,5.0118,antiparallel
antiparallel_202,28.0,1.557,205.54,0.0050884,23.407,16.345,259.14,antiparallel
antiparallel_202,28.0,3.975,194.85,0.047233,40.741,25.938,457.17,antiparallel
antiparallel_202,28.0,6.393,187.29,0.04868,54.558,40.211,339.38,antiparallel
antiparallel_202,28.0,8.811,137.59,0.065388,60.439,45.955,318.13,antiparallel
antiparallel_202,28.0,11.244,125.37,0.06279,73.744,58.635,390.58,antiparallel
antiparallel_202,28.0,13.647,155.33,0.063443,69.666,47.77,489.14,antiparallel
antiparallel_202,28.0,16.11,198.91,0.05445,57.716,44.747,255.11,antiparallel
antiparallel_202,28.0,18.483,110.15,0.057231,55.358,40.448,259.3,antiparallel
antiparallel_202,28.0,21.462,151.49,0.053798,40.744,25.029,365.65,antiparallel
antiparallel_202,28.0,23.88,135.87,0.05574,56.431,38.843,498.24,antiparallel
antiparallel_202,28.0,26.314,124.93,0.074197,85.924,67.316,578.53,antiparallel
antiparallel_202,28.0,28.732,97.24,0.074059,83.576,60.82,508.53,antiparallel
antiparallel_202,28.0,31.165,166.84,0.059472,74.666,59.096,367.83,antiparallel
antiparallel_202,28.0,33.599,171.43,0.061782,51.258,34.55,450.57,antiparallel
antiparallel_202,28.0,36.017,150.64,0.065626,77.064,52.283,402.1,antiparallel
antiparallel_202,28.0,38.435,122.0,0.088646,93.338,65.971,367.01,antiparallel
antiparallel_202,28.0,40.884,81.107,0.094603,72.369,45.513,368.09,antiparallel
antiparallel_202,28.0,43.302,,0.094443,,,,antiparallel
antiparallel_202,28.0,46.297,,0.095343,,,,antiparallel
antiparallel_202,28.0,48.684,,0.094443,,,,antiparallel
antiparallel_202,28.0,51.48,95.186,0.095343,34.989,26.544,693.2,antiparallel
antiparallel_227,32.0,0.0,,0.023675,,,,antiparallel
antiparallel_227,32.0,2.418,,0.022234,10.639,5.2823,197.85,antiparallel
antiparallel_227,32.0,4.852,305.95,0.025514,8.3217,2.4535,638.78,antiparallel
antiparallel_227,32.0,7.301,300.07,0.027112,15.288,5.3763,426.84,antiparallel
antiparallel_227,32.0,10.304,214.23,0.032748,14.284,7.8625,157.0,antiparallel
antiparallel_227,32.0,12.137,521.95,0.030984,7.912,3.1396,232.92,antiparallel
antiparallel_227,32.0,14.555,227.45,0.030448,19.229,4.8546,1000.0,antiparallel
antiparallel_227,32.0,17.004,393.96,0.040181,16.125,5.907,360.1,antiparallel
antiparallel_227,32.0,19.423,289.42,0.029713,29.796,13.781,339.0,antiparallel
antiparallel_227,32.0,22.855,209.7,0.037299,18.614,6.0269,370.27,antiparallel
antiparallel_227,32.0,25.304,199.2,0.036338,22.95,10.444,263.26,antiparallel
antiparallel_227,32.0,28.484,,0.035451,,,,antiparallel
antiparallel_227,32.0,30.187,220.87,0.032475,19.533,9.6946,213.25,antiparallel
antiparallel_227,32.0,32.62,,0.028089,,,,antiparallel
antiparallel_227,32.0,35.069,,0.028089,,,,antiparallel
antiparallel_227,32.0,37.503,,0.028748,,,,antiparallel
antiparallel_227,32.0,39.937,,0.028499,,,,antiparallel
antiparallel_229,32.0,0.0,,0.015905,9.6557,6.3027,325.62,antiparallel
antiparallel_229,32.0,2.449,82.535,0.015022,9.5827,8.119,134.11,antiparallel
antiparallel_229,32.0,4.867,196.49,0.016503,7.1858,5.4343,1000.0,antiparallel
antiparallel_229,32.0,7.627,277.81,0.018976,18.748,13.811,301.31,antiparallel
antiparallel_229,32.0,9.734,163.71,0.033135,17.193,10.678,295.68,antiparallel
antiparallel_229,32.0,12.184,171.64,0.035999,11.502,7.6962,1000.0,antiparallel
antiparallel_229,32.0,14.602,217.69,0.038404,14.547,7.6693,426.07,antiparallel
antiparallel_229,32.0,17.035,185.11,0.047399,21.21,11.727,445.54,antiparallel
antiparallel_229,32.0,19.484,129.88,0.045926,28.609,18.685,559.26,antiparallel
antiparallel_229,32.0,22.448,103.81,0.042492,33.68,24.665,359.38,antiparallel
antiparallel_229,32.0,24.882,50.162,0.041894,26.465,19.872,317.03,antiparallel
antiparallel_229,32.0,27.937,73.639,0.045079,41.989,25.905,357.16,antiparallel
antiparallel_229,32.0,29.765,102.42,0.045751,36.179,23.826,314.51,antiparallel
antiparallel_229,32.0,32.198,99.246,0.045152,28.993,19.651,244.2,antiparallel
antiparallel_229,32.0,34.632,60.338,0.04544,24.073,17.502,149.8,antiparallel
antiparallel_229,32.0,37.066,86.281,0.044338,20.421,11.542,270.77,antiparallel
antiparallel_229,32.0,39.484,118.19,0.049993,16.079,8.8314,191.97,antiparallel
antiparallel_229,32.0,,,0.061973,,,,antiparallel
antiparallel_229,32.0,41.948,70.917,0.0011026,16.435,8.4179,219.57,antiparallel
antiparallel_232,33.0,0.0,,0.012069,3.7964,3.1956,5.0395,antiparallel
antiparallel_232,33.0,2.403,,0.021788,,,,antiparallel
antiparallel_232,33.0,5.043,,0.046873,,,,antiparallel
antiparallel_232,33.0,7.285,61.921,0.042075,22.631,17.486,411.78,antiparallel
antiparallel_232,33.0,9.703,125.5,0.041774,38.386,30.61,898.36,antiparallel
antiparallel_232,33.0,12.137,167.97,0.04776,38.12,25.528,531.27,antiparallel
antiparallel_232,33.0,15.085,196.76,0.0543,31.786,19.195,317.32,antiparallel
antiparallel_232,33.0,17.535,177.69,0.063069,32.285,20.871,192.52,antiparallel
antiparallel_232,33.0,19.984,87.603,0.082606,37.639,23.482,280.65,antiparallel
antiparallel_232,33.0,22.402,108.9,0.086285,23.139,12.2,255.93,antiparallel
antiparallel_232,33.0,25.033,70.961,0.08672,15.937,7.2282,251.11,antiparallel
antiparallel_234,33.0,0.0,,0.053779,15.066,11.778,413.15,antiparallel
antiparallel_234,33.0,2.434,175.29,0.063062,18.535,11.474,256.47,antiparallel
antiparallel_234,33.0,4.852,79.905,0.068542,23.237,17.181,339.3,antiparallel
antiparallel_234,33.0,7.301,101.21,0.074971,24.357,17.969,201.54,antiparallel
antiparallel_234,33.0,9.735,66.088,0.070753,33.142,24.636,253.36,antiparallel
antiparallel_234,33.0,12.153,71.143,0.063793,39.274,29.327,351.85,antiparallel
antiparallel_234,33.0,15.459,39.516,0.064736,32.468,22.567,372.34,antiparallel
antiparallel_234,33.0,17.02,140.86,0.064787,40.888,29.745,314.86,antiparallel
antiparallel_234,33.0,19.438,88.808,0.07131,27.589,18.475,780.5,antiparallel
antiparallel_234,33.0,22.417,122.39,0.07306,41.534,27.105,602.76,antiparallel
antiparallel_234,33.0,24.835,83.339,0.073893,50.601,42.712,1000.0,antiparallel
antiparallel_234,33.0,27.253,74.563,0.077101,36.037,25.601,392.75,antiparallel
antiparallel_234,33.0,29.687,50.98,0.080513,45.707,28.181,378.09,antiparallel
antiparallel_234,33.0,32.136,71.239,0.080369,63.99,43.698,415.55,antiparallel
antiparallel_234,33.0,35.139,34.944,0.078519,52.494,35.095,430.45,antiparallel
antiparallel_234,33.0,36.972,144.64,0.075618,39.482,25.524,297.11,antiparallel
antiparallel_234,33.0,39.39,33.251,0.075039,34.662,21.991,661.84,antiparallel
antiparallel_234,33.0,41.839,129.19,0.071989,28.792,18.729,579.4,antiparallel
antiparallel_234,33.0,44.258,105.67,0.066178,24.848,14.984,264.6,antiparallel
antiparallel_234,33.0,47.69,71.09,0.065385,15.787,8.8167,282.48,antiparallel
antiparallel_237,34.0,0.0,,0.053967,,,,antiparallel
antiparallel_237,34.0,6.487,,0.052305,16.807,12.032,108.32,antiparallel
antiparallel_237,34.0,8.533,182.65,0.054441,25.239,15.747,158.48,antiparallel
antiparallel_237,34.0,10.998,141.23,0.049921,29.609,15.21,226.55,antiparallel
antiparallel_237,34.0,13.447,82.846,0.04972,33.591,12.582,431.09,antiparallel
antiparallel_237,34.0,15.881,169.9,0.051666,25.639,11.097,312.13,antiparallel
antiparallel_237,34.0,18.299,125.53,0.048358,47.206,17.868,451.07,antiparallel
antiparallel_237,34.0,20.717,100.57,0.047125,51.583,21.142,444.77,antiparallel
antiparallel_237,34.0,23.182,121.65,0.054826,34.927,13.672,376.79,antiparallel
antiparallel_237,34.0,25.6,149.4,0.060399,47.447,18.183,408.68,antiparallel
antiparallel_237,34.0,28.018,32.506,0.064291,47.49,15.759,517.67,antiparallel
antiparallel_237,34.0,30.951,,0.06558,,,,antiparallel
antiparallel_239,34.0,0.0,,0.085864,,,,antiparallel
antiparallel_239,34.0,2.418,,0.085144,20.162,7.832,275.09,antiparallel
antiparallel_239,34.0,4.867,123.05,0.084974,21.884,10.465,176.53,antiparallel
antiparallel_239,34.0,7.316,145.82,0.085296,40.151,20.906,226.92,antiparallel
antiparallel_239,34.0,10.458,53.29,0.086217,63.52,28.482,442.75,antiparallel
antiparallel_239,34.0,12.199,103.84,0.079032,66.27,23.703,466.7,antiparallel
antiparallel_239,34.0,14.633,148.77,0.073767,56.216,19.241,451.55,antiparallel
antiparallel_239,34.0,17.097,,0.074454,,,,antiparallel
antiparallel_239,34.0,19.531,125.62,0.077397,45.877,22.202,270.73,antiparallel
antiparallel_239,34.0,22.573,165.54,0.069927,40.395,18.041,271.59,antiparallel
antiparallel_239,34.0,25.022,110.88,0.06261,38.801,16.697,292.67,antiparallel
antiparallel_239,34.0,27.456,82.355,0.070188,26.49,12.365,214.87,antiparallel
antiparallel_241,34.0,0.0,,0.024902,7.0873,5.7978,148.09,antiparallel
antiparallel_241,34.0,2.58,83.097,0.023322,10.391,8.2791,177.07,antiparallel
antiparallel_241,34.0,4.836,165.97,0.019844,14.977,10.216,405.41,antiparallel
antiparallel_241,34.0,7.27,244.41,0.031685,14.325,8.2987,363.73,antiparallel
antiparallel_241,34.0,9.703,215.47,0.031506,18.322,12.004,230.32,antiparallel
antiparallel_241,34.0,12.152,89.481,0.034617,7.8772,3.0062,388.71,antiparallel
antiparallel_241,34.0,15.974,87.718,0.037642,6.2386,4.1657,87.419,antiparallel
antiparallel_241,34.0,18.392,90.335,0.032769,22.431,13.928,345.98,antiparallel
antiparallel_241,34.0,20.81,121.29,0.03524,27.682,18.306,524.75,antiparallel
antiparallel_241,34.0,23.228,99.375,0.04208,19.593,12.022,248.96,antiparallel
antiparallel_241,34.0,25.678,114.12,0.042317,26.546,19.294,297.7,antiparallel
antiparallel_241,34.0,28.127,100.86,0.042041,31.039,21.645,538.66,antiparallel
antiparallel_241,34.0,30.576,111.29,0.049722,41.155,28.066,496.49,antiparallel
antiparallel_241,34.0,32.994,123.74,0.054184,42.021,29.773,340.98,antiparallel
antiparallel_241,34.0,35.83,103.38,0.054042,34.899,22.219,470.76,antiparallel
antiparallel_241,34.0,37.877,,0.057009,,,,antiparallel
antiparallel_241,34.0,40.841,201.76,0.057615,36.724,23.988,360.73,antiparallel
antiparallel_244,35.0,0.0,,0.052276,17.481,12.764,251.35,antiparallel
antiparallel_244,35.0,2.418,119.73,0.046039,23.49,17.426,321.34,antiparallel
antiparallel_244,35.0,4.867,150.37,0.048267,26.264,19.768,205.15,antiparallel
antiparallel_244,35.0,7.831,128.14,0.055678,22.984,16.306,177.02,antiparallel
antiparallel_244,35.0,10.265,90.719,0.06392,36.49,23.415,333.83,antiparallel
antiparallel_244,35.0,12.683,102.08,0.065788,34.919,25.868,247.48,antiparallel
antiparallel_244,35.0,15.116,76.873,0.063929,33.149,24.191,232.67,antiparallel
antiparallel_244,35.0,17.784,59.444,0.06464,42.504,28.245,459.43,antiparallel
antiparallel_244,35.0,20.015,202.61,0.066937,26.122,16.429,266.14,antiparallel
antiparallel_244,35.0,22.464,75.068,0.071241,32.014,18.555,593.05,antiparallel
antiparallel_244,35.0,24.913,240.96,0.078066,28.652,16.801,256.48,antiparallel
antiparallel_244,35.0,27.347,104.83,0.08075,31.35,20.207,212.72,antiparallel
antiparallel_244,35.0,29.78,105.55,0.081002,25.9,16.423,210.02,antiparallel
antiparallel_244,35.0,32.729,52.285,0.073265,29.37,21.468,1000.0,antiparallel
antiparallel_244,35.0,35.178,160.83,0.065625,41.477,26.258,556.59,antiparallel
antiparallel_244,35.0,38.404,,0.063122,,,,antiparallel
antiparallel_246,35.0,0.0,,0.051164,,,,antiparallel
antiparallel_246,35.0,2.434,,0.046304,4.0579,2.4955,60.53,antiparallel
antiparallel_246,35.0,4.867,102.37,0.051164,12.409,6.3458,161.92,antiparallel
antiparallel_246,35.0,7.862,115.96,0.054906,15.781,4.338,482.75,antiparallel
antiparallel_246,35.0,10.28,106.13,0.060336,18.588,5.8816,391.15,antiparallel
antiparallel_246,35.0,12.851,181.59,0.073468,26.441,8.8601,424.64,antiparallel
antiparallel_246,35.0,15.116,92.725,0.06966,27.265,8.2775,570.01,antiparallel
antiparallel_246,35.0,17.534,119.18,0.066561,46.886,15.183,574.65,antiparallel
antiparallel_246,35.0,19.968,94.705,0.065097,53.889,20.813,436.14,antiparallel
antiparallel_246,35.0,22.402,60.405,0.065218,52.045,20.078,377.78,antiparallel
antiparallel_246,35.0,24.851,66.072,0.066193,54.053,19.148,464.2,antiparallel
antiparallel_246,35.0,,,0.0046722,,,,antiparallel
antiparallel_246,35.0,27.269,86.159,0.070489,54.896,18.891,479.55,antiparallel
antiparallel_246,35.0,33.384,70.226,0.079519,47.274,22.112,279.32,antiparallel
antiparallel_246,35.0,35.833,48.652,0.085305,48.806,15.136,527.76,antiparallel
antiparallel_246,35.0,38.298,55.588,0.08906,50.24,16.187,528.86,antiparallel
antiparallel_246,35.0,41.501,59.008,0.092098,55.091,23.507,323.49,antiparallel
antiparallel_246,35.0,43.181,11.284,0.096135,55.236,20.127,397.43,antiparallel
antiparallel_246,35.0,45.599,-8.2422,0.092098,59.063,20.246,495.81,antiparallel
antiparallel_246,35.0,48.048,98.903,0.10031,52.673,15.175,692.91,antiparallel
antiparallel_246,35.0,50.451,129.06,0.096016,75.489,24.467,555.09,antiparallel
antiparallel_248,35.0,0.0,,0.034976,,,,antiparallel
antiparallel_248,35.0,2.418,,0.033235,8.7396,2.8382,512.06,antiparallel
antiparallel_248,35.0,4.836,108.47,0.034052,12.617,4.0017,371.11,antiparallel
antiparallel_248,35.0,7.254,,0.04591,,,,antiparallel
antiparallel_248,35.0,9.704,224.56,0.049619,18.731,4.5645,1000.0,antiparallel
antiparallel_248,35.0,12.153,186.1,0.048587,24.944,11.469,279.13,antiparallel
antiparallel_248,35.0,14.602,108.97,0.051672,35.367,10.668,757.8,antiparallel
antiparallel_248,35.0,17.02,83.396,0.054763,31.265,9.949,586.02,antiparallel
antiparallel_248,35.0,19.856,182.68,0.073217,22.468,8.1708,321.96,antiparallel
antiparallel_248,35.0,21.903,117.77,0.077639,26.876,11.954,226.53,antiparallel
parallel_262,37.0,0.0,,0.019366,,,,parallel
parallel_262,37.0,2.465,,0.010598,3.778,3.2175,42.786,parallel
parallel_262,37.0,4.945,309.52,0.01068,10.393,6.4697,217.08,parallel
parallel_262,37.0,7.987,277.25,0.014871,10.139,4.9579,291.3,parallel
parallel_262,37.0,10.452,340.03,0.01295,10.109,5.2645,238.64,parallel
parallel_262,37.0,12.917,343.52,0.012028,3.0815,1.4585,126.55,parallel
parallel_262,37.0,15.304,327.64,0.016888,15.915,11.805,131.84,parallel
parallel_262,37.0,17.753,166.45,0.013865,10.653,4.9041,262.25,parallel
parallel_262,37.0,20.202,303.68,0.016274,8.457,3.8343,303.57,parallel
parallel_262,37.0,22.966,260.77,0.0161,13.086,7.9437,199.38,parallel
parallel_264,38.0,0.0,,0.014982,,,,parallel
parallel_264,38.0,2.464,,0.014982,4.6949,4.6649,5.2653,parallel
parallel_264,38.0,4.898,61.04,0.022003,4.2523,3.9549,12.51,parallel
parallel_264,38.0,7.893,249.59,0.024154,20.425,13.289,200.88,parallel
parallel_264,38.0,10.327,290.62,0.031048,23.143,17.537,103.01,parallel
parallel_266,38.0,0.0,,0.0079971,,,,parallel
parallel_266,38.0,2.465,,0.017258,3.5104,3.3799,5.3279,parallel
parallel_266,38.0,4.914,262.75,0.022218,14.873,7.7732,256.23,parallel
parallel_266,38.0,7.348,367.94,0.018784,10.756,4.0876,538.03,parallel
parallel_266,38.0,9.797,329.37,0.026728,10.687,8.2381,65.379,parallel
parallel_266,38.0,12.712,183.29,0.03017,18.41,14.516,82.783,parallel
parallel_266,38.0,14.68,231.03,0.023011,18.857,7.1542,460.12,parallel
parallel_266,38.0,18.486,210.51,0.028901,25.138,16.933,151.87,parallel
parallel_266,38.0,20.935,202.47,0.031957,24.433,9.2218,496.22,parallel
parallel_266,38.0,23.4,220.77,0.034407,40.257,22.736,304.36,parallel
parallel_266,38.0,25.865,178.2,0.034499,38.674,22.915,216.89,parallel
parallel_269,39.0,0.0,,0.035783,,,,parallel
parallel_269,39.0,7.113,,0.0052977,,,,parallel
parallel_269,39.0,10.377,,0.04867,,,,parallel
parallel_269,39.0,11.934,,0.051286,23.234,11.3,255.46,parallel
parallel_269,39.0,14.352,196.59,0.068351,42.708,14.401,481.23,parallel
parallel_269,39.0,16.77,185.89,0.065382,55.763,25.591,334.9,parallel
parallel_269,39.0,19.188,134.0,0.065859,63.359,29.895,336.98,parallel
parallel_269,39.0,21.621,129.01,0.057427,76.66,34.956,398.94,parallel
parallel_269,39.0,24.024,155.45,0.059863,72.553,25.92,493.13,parallel
parallel_269,39.0,26.487,195.99,0.056668,60.155,31.946,263.48,parallel
parallel_269,39.0,28.86,109.98,0.058614,57.57,28.685,275.84,parallel
parallel_269,39.0,31.839,150.06,0.077133,41.895,14.866,393.76,parallel
parallel_269,39.0,34.257,139.04,0.077525,51.175,18.882,486.7,parallel
parallel_269,39.0,36.691,124.48,0.062527,87.369,31.762,595.64,parallel
parallel_269,39.0,39.109,77.515,0.062542,88.127,31.26,585.9,parallel
